name,formula,scf_vbm,scf_cbm,dft_gap_raw_eV,dft_gap_clipped_eV,sk_bandgap_eV,residual_eV
Surface-JVASP-15348_miller_1_1_0_thickness_16_VASP_PBE_noDP,BeAlB,7.3880,7.2860,-0.1020,0.0000,0.0042,+0.0042
Surface-JVASP-63938_miller_1_1_0_thickness_16_VASP_PBE_noDP,BaNaBr,1.9240,1.3150,-0.6090,0.0000,0.0025,+0.0025
Surface-JVASP-7844_miller_1_1_0_thickness_16_VASP_PBE_noDP,AlN,9.1680,5.6220,-3.5460,0.0000,4.1769,+4.1769
Surface-JVASP-8047_miller_1_1_0_thickness_16_VASP_PBE_noDP,ZnSe,2.4770,1.2220,-1.2550,0.0000,4.2398,+4.2398
Surface-JVASP-8182_miller_1_1_0_thickness_16_VASP_PBE_noDP,AlP,6.4100,4.3600,-2.0500,0.0000,2.9505,+2.9505
Surface-JVASP-85122_miller_1_1_0_thickness_16_VASP_PBE_noDP,InP,5.0040,4.6290,-0.3750,0.0000,3.3173,+3.3173
Surface-JVASP-96_miller_0_0_1_thickness_16_VASP_PBE_noDP,ZnSe,2.4260,1.2020,-1.2240,0.0000,1.0807,+1.0807
Surface-JVASP-8182_miller_1_1_0_thickness_16_VASP_PBE,AlP,6.4100,4.3600,-2.0500,0.0000,2.9509,+2.9509
Surface-JVASP-85122_miller_1_1_0_thickness_16_VASP_PBE,InP,5.0040,4.6290,-0.3750,0.0000,3.3183,+3.3183
Surface-JVASP-96_miller_0_0_1_thickness_16_VASP_PBE,ZnSe,2.4260,1.2020,-1.2240,0.0000,1.4886,+1.4886
Surface-JVASP-1327_miller_1_0_0_thickness_16_VASP_PBE_noDP,AlP,6.0540,4.2600,-1.7940,0.0000,1.2483,+1.2483
Surface-JVASP-22685_miller_1_1_0_thickness_16_VASP_PBE_noDP,CdTe,1.7760,2.3020,0.5260,0.5260,3.7990,+3.2730
Surface-JVASP-35711_miller_1_1_0_thickness_16_VASP_PBE_noDP,GaSb,4.4540,4.4530,-0.0010,0.0000,1.5486,+1.5486
Surface-JVASP-36408_miller_0_0_1_thickness_16_VASP_PBE_noDP,SnC,8.3240,7.5760,-0.7480,0.0000,0.0687,+0.0687
Surface-JVASP-36873_miller_0_0_1_thickness_16_VASP_PBE_noDP,BSb,8.1110,7.1660,-0.9450,0.0000,0.0101,+0.0101
Surface-JVASP-7844_miller_1_1_0_thickness_16_VASP_PBE,AlN,9.1680,5.6220,-3.5460,0.0000,4.1678,+4.1678
Surface-JVASP-8047_miller_1_1_0_thickness_16_VASP_PBE,ZnSe,2.4770,1.2220,-1.2550,0.0000,4.3439,+4.3439
Surface-JVASP-1002_miller_0_0_1_thickness_16_VASP_R2SCAN,Si,6.1900,5.4590,-0.7310,0.0000,0.0361,+0.0361
Surface-JVASP-1002_miller_1_1_0_thickness_16_VASP_R2SCAN,Si,6.1900,5.4590,-0.7310,0.0000,0.3161,+0.3161
Surface-JVASP-816_miller_1_1_0_thickness_16_VASP_R2SCAN,Al,3.4680,20.2320,16.7640,16.7640,0.0032,-16.7608
Surface-JVASP-963_miller_0_0_1_thickness_16_VASP_R2SCAN,Pd,7.9170,9.4310,1.5140,1.5140,0.0020,-1.5120
Surface-JVASP-813_miller_1_1_0_thickness_16_VASP_R2SCAN,Ag,4.1940,13.3710,9.1770,9.1770,0.0264,-9.1506
Surface-JVASP-14837_miller_1_1_0_thickness_16_VASP_R2SCAN,V,4.6180,9.4310,4.8130,4.8130,0.0010,-4.8120
Surface-JVASP-890_miller_0_0_1_thickness_16_VASP_R2SCAN,Ge,4.2800,4.3630,0.0830,0.0830,0.0008,-0.0822
Surface-JVASP-62940_miller_0_0_1_thickness_16_VASP_R2SCAN,BN,6.5640,2.1040,-4.4600,0.0000,3.9090,+3.9090
Surface-JVASP-8003_miller_1_1_0_thickness_16_VASP_R2SCAN,CdS,1.8180,0.8250,-0.9930,0.0000,4.0464,+4.0464
Surface-JVASP-96_miller_1_1_1_thickness_16_VASP_R2SCAN,ZnSe,2.4260,1.2020,-1.2240,0.0000,0.6455,+0.6455
Surface-JVASP-133719_miller_0_0_1_thickness_16_VASP_R2SCAN,BAs,6.9840,5.6880,-1.2960,0.0000,0.0119,+0.0119
Surface-JVASP-1327_miller_0_0_1_thickness_16_VASP_R2SCAN,AlP,6.0540,4.2600,-1.7940,0.0000,1.2619,+1.2619
Surface-JVASP-8184_miller_0_0_1_thickness_16_VASP_R2SCAN,GaP,5.6570,4.3950,-1.2620,0.0000,0.0069,+0.0069
Surface-JVASP-1177_miller_1_1_1_thickness_16_VASP_R2SCAN,GaSb,4.3500,4.3500,0.0000,0.0000,0.8760,+0.8760
Surface-JVASP-91_miller_1_1_1_thickness_16_VASP_R2SCAN,C,13.9140,9.4570,-4.4570,0.0000,0.0006,+0.0006
Surface-JVASP-8118_miller_1_1_0_thickness_16_VASP_R2SCAN,SiC,10.5450,7.9270,-2.6180,0.0000,2.0935,+2.0935
Surface-JVASP-36403_miller_1_1_0_thickness_16_VASP_R2SCAN,SiSn,5.5880,5.3400,-0.2480,0.0000,0.4737,+0.4737
Surface-JVASP-30_miller_0_0_1_thickness_16_VASP_R2SCAN,GaN,6.8340,4.8910,-1.9430,0.0000,2.6732,+2.6732
Surface-JVASP-1177_miller_1_1_0_thickness_16_VASP_PBE,GaSb,4.3500,4.3500,0.0000,0.0000,0.6462,+0.6462
Surface-JVASP-1192_miller_0_0_1_thickness_16_VASP_PBE,CdSe,0.8710,0.4160,-0.4550,0.0000,1.2073,+1.2073
Surface-JVASP-1408_miller_0_0_1_thickness_16_VASP_PBE,AlSb,5.6110,4.2890,-1.3220,0.0000,0.8879,+0.8879
Surface-JVASP-30_miller_1_0_0_thickness_16_VASP_PBE,GaN,6.8340,4.8910,-1.9430,0.0000,0.0058,+0.0058
Surface-JVASP-36119_miller_1_1_0_thickness_16_VASP_PBE,InAs,3.8220,3.8220,0.0000,0.0000,2.1791,+2.1791
Surface-JVASP-37905_miller_1_1_0_thickness_16_VASP_PBE,BAs,7.2820,5.9220,-1.3600,0.0000,1.1705,+1.1705
Surface-JVASP-858_miller_1_0_0_x1015_thickness_16_VASP_R2SCAN_R2SCAN,Co,9.2120,11.4680,2.2560,2.2560,0.0014,-2.2546
Surface-JVASP-895_miller_1_0_1_x1015_thickness_16_VASP_R2SCAN_R2SCAN,I,3.4940,2.5790,-0.9150,0.0000,1.5684,+1.5684
Surface-JVASP-816_miller_1_0_0_x1015_thickness_16_VASP_R2SCAN_R2SCAN,Al,3.4680,20.2320,16.7640,16.7640,0.0038,-16.7602
Surface-JVASP-993_miller_1_1_0_x1015_thickness_16_VASP_R2SCAN_R2SCAN,Sb,6.3240,6.4650,0.1410,0.1410,0.0022,-0.1388
Surface-JVASP-816_miller_1_1_0_x1015_thickness_16_VASP_R2SCAN_R2SCAN,Al,3.4680,20.2320,16.7640,16.7640,0.0049,-16.7591
Surface-JVASP-993_miller_0_0_1_x1015_thickness_16_VASP_R2SCAN_R2SCAN,Sb,6.3240,6.4650,0.1410,0.1410,0.0093,-0.1317
Surface-JVASP-840_miller_0_0_1_x1015_thickness_16_VASP_R2SCAN_R2SCAN,Br,1.3960,0.0880,-1.3080,0.0000,0.0003,+0.0003
Surface-JVASP-984_miller_1_1_0_x1015_thickness_16_VASP_R2SCAN_R2SCAN,Rh,9.5420,12.3830,2.8410,2.8410,0.0006,-2.8404
Surface-JVASP-963_miller_1_0_0_x1015_thickness_16_VASP_R2SCAN_R2SCAN,Pd,7.9170,9.4310,1.5140,1.5140,0.0002,-1.5138
Surface-JVASP-1029_miller_1_1_1_x1015_thickness_16_VASP_R2SCAN_R2SCAN,Ti,5.8070,6.1740,0.3670,0.3670,0.0012,-0.3658
Surface-JVASP-21195_miller_1_1_0_x1015_thickness_16_VASP_R2SCAN_R2SCAN,Mo,10.5640,15.7610,5.1970,5.1970,0.0015,-5.1955
Surface-JVASP-1109_miller_0_0_1_thickness_16_VASP_PBE_noDP,SnS,6.3920,5.3750,-1.0170,0.0000,1.2030,+1.2030
Surface-JVASP-105410_miller_1_1_0_thickness_16_VASP_PBE,SiGe,5.7140,5.0200,-0.6940,0.0000,0.4179,+0.4179
Surface-JVASP-1702_miller_1_1_0_thickness_16_VASP_PBE_noDP,ZnS,3.8830,1.7960,-2.0870,0.0000,4.0239,+4.0239
Surface-JVASP-107_miller_1_1_0_thickness_16_VASP_PBE_noDP,SiC,10.3490,7.8550,-2.4940,0.0000,1.7954,+1.7954
Surface-JVASP-66581_miller_1_1_0_thickness_16_VASP_PBE_noDP,BaInSb,3.3690,2.9450,-0.4240,0.0000,0.3698,+0.3698
Surface-JVASP-75493_miller_1_1_0_thickness_16_VASP_PBE_noDP,LiSnAs,5.3800,5.2570,-0.1230,0.0000,1.4019,+1.4019
Surface-JVASP-1321_miller_1_1_0_thickness_16_VASP_PBE_noDP,BeSe,5.4420,2.5940,-2.8480,0.0000,3.6003,+3.6003
Surface-JVASP-105933_miller_1_1_0_thickness_16_VASP_PBE_noDP,LiMgSb,4.4380,3.0480,-1.3900,0.0000,2.4750,+2.4750
Surface-JVASP-1948_miller_1_1_0_thickness_16_VASP_PBE_noDP,CuBr,3.3190,2.6870,-0.6320,0.0000,0.8284,+0.8284
Surface-JVASP-1441_miller_1_1_0_thickness_16_VASP_PBE_noDP,ScNiSb,7.4820,7.2200,-0.2620,0.0000,0.2780,+0.2780
Surface-JVASP-101231_miller_1_1_0_thickness_16_VASP_PBE_noDP,BaNaTiNbO6,3.6810,2.0840,-1.5970,0.0000,4.7523,+4.7523
Surface-JVASP-1555_miller_1_1_0_thickness_16_VASP_PBE_noDP,LiZnN,3.9250,3.1000,-0.8250,0.0000,1.6206,+1.6206
Surface-JVASP-1029_miller_0_0_1_thickness_16_VASP_PBE,Ti,5.8070,6.1740,0.3670,0.3670,0.0003,-0.3667
Surface-JVASP-1186_miller_1_1_0_thickness_16_VASP_PBE_noDP,InAs,3.7740,3.7740,0.0000,0.0000,1.5095,+1.5095
Surface-JVASP-107095_miller_1_1_0_thickness_16_VASP_PBE_noDP,LiSiB,7.4340,7.0160,-0.4180,0.0000,0.0830,+0.0830
Surface-JVASP-7761_miller_1_1_0_thickness_16_VASP_PBE_noDP,MgS,4.3280,0.7460,-3.5820,0.0000,5.6810,+5.6810
Surface-JVASP-7820_miller_1_1_0_thickness_16_VASP_PBE_noDP,Li2CuSb,6.9070,6.2990,-0.6080,0.0000,0.0335,+0.0335
Surface-JVASP-52585_miller_1_1_0_thickness_16_VASP_PBE_noDP,AgI,3.8340,2.5750,-1.2590,0.0000,3.1384,+3.1384
Surface-JVASP-78441_miller_1_1_0_thickness_16_VASP_PBE_noDP,CdSe,0.8710,0.4160,-0.4550,0.0000,2.7255,+2.7255
Surface-JVASP-78585_miller_1_1_0_thickness_16_VASP_PBE_noDP,VSiRh,7.8210,7.4310,-0.3900,0.0000,0.0004,+0.0004
Surface-JVASP-78857_miller_1_1_0_thickness_16_VASP_PBE_noDP,NbCoSn,8.4060,7.3490,-1.0570,0.0000,0.0007,+0.0007
Surface-JVASP-107_miller_0_0_1_thickness_16_VASP_PBE,SiC,10.3490,7.8550,-2.4940,0.0000,0.0099,+0.0099
Surface-JVASP-36403_miller_1_1_0_thickness_16_VASP_PBE_noDP,SiSn,5.5880,5.3400,-0.2480,0.0000,0.4880,+0.4880
Surface-JVASP-54897_miller_1_1_0_thickness_16_VASP_PBE_noDP,ZnTe,3.7990,2.7420,-1.0570,0.0000,2.6401,+2.6401
Surface-JVASP-22552_miller_1_1_0_thickness_16_VASP_PBE_noDP,NbSbRu,7.8550,8.2240,0.3690,0.3690,0.0014,-0.3676
Surface-JVASP-40775_miller_1_1_0_thickness_16_VASP_PBE_noDP,TiFeSe,8.8700,7.8450,-1.0250,0.0000,0.3562,+0.3562
Surface-JVASP-40476_miller_1_1_0_thickness_16_VASP_PBE_noDP,LiCuS,5.8480,4.8220,-1.0260,0.0000,0.7755,+0.7755
Surface-JVASP-40117_miller_1_1_0_thickness_16_VASP_PBE_noDP,AgBr,2.2020,1.1710,-1.0310,0.0000,1.7480,+1.7480
Surface-JVASP-40800_miller_1_1_0_thickness_16_VASP_PBE_noDP,ZrSnPd,9.0850,8.5910,-0.4940,0.0000,0.0007,+0.0007
Surface-JVASP-40811_miller_1_1_0_thickness_16_VASP_PBE_noDP,LiZnP,5.0130,3.7860,-1.2270,0.0000,1.9501,+1.9501
Surface-JVASP-40763_miller_1_1_0_thickness_16_VASP_PBE_noDP,KBaP,3.1990,1.9810,-1.2180,0.0000,2.1462,+2.1462
Surface-JVASP-37048_miller_1_1_0_thickness_16_VASP_PBE_noDP,Ti2MnAl,7.5200,7.3500,-0.1700,0.0000,0.0016,+0.0016
Surface-JVASP-108570_miller_1_1_0_thickness_16_VASP_PBE_noDP,LiZnSb,4.3600,3.8900,-0.4700,0.0000,1.1810,+1.1810
Surface-JVASP-109392_miller_1_1_0_thickness_16_VASP_PBE_noDP,Li2SO4,2.6680,-1.1370,-3.8050,0.0000,0.7341,+0.7341
Surface-JVASP-110330_miller_1_1_0_thickness_16_VASP_PBE_noDP,VSnRh,8.1050,7.6090,-0.4960,0.0000,0.0071,+0.0071
Surface-JVASP-114592_miller_1_1_0_thickness_16_VASP_PBE_noDP,BaZnTe,2.7580,0.9880,-1.7700,0.0000,1.8277,+1.8277
Surface-JVASP-114037_miller_1_1_0_thickness_16_VASP_PBE_noDP,BaCdSe,2.1710,0.5900,-1.5810,0.0000,2.0036,+2.0036
Surface-JVASP-117700_miller_1_1_0_thickness_16_VASP_PBE_noDP,BeS,6.6650,3.4180,-3.2470,0.0000,4.5130,+4.5130
Surface-JVASP-135531_miller_1_1_0_thickness_16_VASP_PBE_noDP,NaSrP,2.7770,1.1860,-1.5910,0.0000,3.1148,+3.1148
Surface-JVASP-135879_miller_1_1_0_thickness_16_VASP_PBE_noDP,BaSO4,5.1790,0.8490,-4.3300,0.0000,1.4689,+1.4689
Surface-JVASP-134866_miller_1_1_0_thickness_16_VASP_PBE_noDP,YSF,5.7060,1.4440,-4.2620,0.0000,4.9995,+4.9995
Surface-JVASP-43629_miller_1_0_0_thickness_16_VASP_PBE_noDP,MgO,4.1060,0.2490,-3.8570,0.0000,5.4395,+5.4395
Surface-JVASP-107_miller_1_0_0_thickness_16_VASP_PBE_noDP,SiC,10.3490,7.8550,-2.4940,0.0000,0.0007,+0.0007
Surface-JVASP-102236_miller_1_0_0_thickness_16_VASP_PBE_noDP,NaFeN,5.3740,4.9680,-0.4060,0.0000,0.0001,+0.0001
Surface-JVASP-102823_miller_1_0_0_thickness_16_VASP_PBE_noDP,NaSrN,1.9700,1.6810,-0.2890,0.0000,1.8739,+1.8739
Surface-JVASP-7757_miller_1_0_0_thickness_16_VASP_PBE_noDP,CdTe,2.3020,1.7760,-0.5260,0.0000,2.8898,+2.8898
Surface-JVASP-8182_miller_1_0_0_thickness_16_VASP_PBE_noDP,AlP,6.4100,4.3600,-2.0500,0.0000,3.1001,+3.1001
Surface-JVASP-7648_miller_1_0_0_thickness_16_VASP_PBE_noDP,ZnS,3.9100,1.7980,-2.1120,0.0000,3.7339,+3.7339
Surface-JVASP-45318_miller_1_0_0_thickness_16_VASP_PBE_noDP,Na6ZnS4,3.1520,0.9160,-2.2360,0.0000,3.7142,+3.7142
Surface-JVASP-49209_miller_1_0_0_thickness_16_VASP_PBE_noDP,Na6MnSe4,2.6820,1.4070,-1.2750,0.0000,0.0031,+0.0031
Surface-JVASP-85122_miller_1_0_0_thickness_16_VASP_PBE_noDP,InP,5.0040,4.6290,-0.3750,0.0000,3.1193,+3.1193
Surface-JVASP-80722_miller_1_0_0_thickness_16_VASP_PBE_noDP,AgH,6.7340,5.9390,-0.7950,0.0000,1.1826,+1.1826
Surface-JVASP-57695_miller_1_0_0_thickness_16_VASP_PBE_noDP,BN,12.6740,7.2420,-5.4320,0.0000,3.3607,+3.3607
Surface-JVASP-36204_miller_1_0_0_thickness_16_VASP_PBE_noDP,BP,8.8470,7.4700,-1.3770,0.0000,1.3364,+1.3364
Surface-JVASP-23901_miller_1_0_0_thickness_16_VASP_PBE_noDP,Ca4Cl6O,1.1600,6.7130,5.5530,5.5530,7.2908,+1.7378
Surface-JVASP-37905_miller_1_0_0_thickness_16_VASP_PBE_noDP,BAs,7.2820,5.9220,-1.3600,0.0000,0.7834,+0.7834
Surface-JVASP-21263_miller_1_0_0_thickness_16_VASP_PBE_noDP,Na6MnS4,3.5160,1.9890,-1.5270,0.0000,0.0030,+0.0030
Surface-JVASP-8209_miller_1_0_0_thickness_16_VASP_PBE_noDP,LiBeSb,6.9040,5.7710,-1.1330,0.0000,0.8129,+0.8129
Surface-JVASP-49210_miller_1_0_0_thickness_16_VASP_PBE_noDP,Na6MnTe4,3.6600,2.2080,-1.4520,0.0000,0.0037,+0.0037
Surface-JVASP-34040_miller_1_0_0_thickness_16_VASP_PBE_noDP,TeMoS,8.2330,7.6410,-0.5920,0.0000,0.0040,+0.0040
Surface-JVASP-10591_miller_1_0_0_thickness_16_VASP_PBE_noDP,ZnS,3.8990,1.7960,-2.1030,0.0000,3.6908,+3.6908
Surface-JVASP-140612_miller_1_0_0_thickness_16_VASP_PBE_noDP,TiMn3O8,4.0400,3.2430,-0.7970,0.0000,0.0014,+0.0014
Surface-JVASP-135775_miller_1_0_0_thickness_16_VASP_PBE_noDP,BN,12.7310,7.2790,-5.4520,0.0000,3.3738,+3.3738
Surface-JVASP-145586_miller_1_0_0_thickness_16_VASP_PBE_noDP,Mn3SnO8,4.6100,3.8320,-0.7780,0.0000,0.0000,+0.0000
Surface-JVASP-66053_miller_1_1_0_thickness_16_VASP_PBE_noDP,BaGaSb,2.6650,2.1490,-0.5160,0.0000,0.2080,+0.2080
Surface-JVASP-7630_miller_1_1_0_thickness_16_VASP_PBE_noDP,BAs,7.1120,5.6970,-1.4150,0.0000,0.6613,+0.6613
Surface-JVASP-79204_miller_1_1_0_thickness_16_VASP_PBE_noDP,BN,12.6740,7.2430,-5.4310,0.0000,3.3945,+3.3945
Surface-JVASP-813_miller_1_1_1_thickness_16_VASP_PBE_noDP,Ag,4.1940,13.3710,9.1770,9.1770,0.0039,-9.1731
Surface-JVASP-8183_miller_1_1_0_thickness_16_VASP_PBE_noDP,AlAs,5.3990,3.5920,-1.8070,0.0000,3.1713,+3.1713
Surface-JVASP-861_miller_0_0_1_thickness_16_VASP_PBE_noDP,Cr,10.0230,13.3900,3.3670,3.3670,0.0077,-3.3593
Surface-JVASP-984_miller_1_1_1_thickness_16_VASP_PBE_noDP,Rh,9.5420,12.3830,2.8410,2.8410,0.0052,-2.8358
Surface-JVASP-8183_miller_1_1_0_thickness_16_VASP_PBE,AlAs,5.3990,3.5920,-1.8070,0.0000,3.1711,+3.1711
Surface-JVASP-861_miller_0_0_1_thickness_16_VASP_PBE,Cr,10.0230,13.3900,3.3670,3.3670,0.0013,-3.3657
Surface-JVASP-1189_miller_1_1_0_thickness_16_VASP_PBE_noDP,InSb,4.3510,4.3510,0.0000,0.0000,1.4688,+1.4688
Surface-JVASP-1393_miller_1_1_0_thickness_16_VASP_PBE_noDP,GaP,5.7760,4.2940,-1.4820,0.0000,2.9216,+2.9216
Surface-JVASP-23_miller_0_0_1_thickness_16_VASP_PBE_noDP,CdTe,2.2530,1.7550,-0.4980,0.0000,1.2372,+1.2372
Surface-JVASP-35748_miller_1_1_0_thickness_16_VASP_PBE_noDP,AlSb,5.4510,4.3930,-1.0580,0.0000,2.3689,+2.3689
Surface-JVASP-37905_miller_1_1_0_thickness_16_VASP_PBE_noDP,BAs,7.2820,5.9220,-1.3600,0.0000,1.1706,+1.1706
Surface-JVASP-7630_miller_1_1_0_thickness_16_VASP_PBE,BAs,7.1120,5.6970,-1.4150,0.0000,0.6584,+0.6584
Surface-JVASP-79204_miller_1_1_0_thickness_16_VASP_PBE,BN,12.6740,7.2430,-5.4310,0.0000,3.3945,+3.3945
Surface-JVASP-813_miller_1_1_1_thickness_16_VASP_PBE,Ag,4.1940,13.3710,9.1770,9.1770,0.0016,-9.1754
Surface-JVASP-867_miller_0_0_1_thickness_16_VASP_R2SCAN,Cu,4.3580,12.8890,8.5310,8.5310,0.0014,-8.5296
Surface-JVASP-1002_miller_1_1_1_thickness_16_VASP_R2SCAN,Si,6.1900,5.4590,-0.7310,0.0000,0.0211,+0.0211
Surface-JVASP-943_miller_0_0_1_thickness_16_VASP_R2SCAN,Ni,6.6820,8.1080,1.4260,1.4260,0.0006,-1.4254
Surface-JVASP-963_miller_1_1_1_thickness_16_VASP_R2SCAN,Pd,7.9170,9.4310,1.5140,1.5140,0.0006,-1.5134
Surface-JVASP-8158_miller_1_1_1_thickness_16_VASP_R2SCAN,SiC,9.4080,7.7880,-1.6200,0.0000,0.4914,+0.4914
Surface-JVASP-25142_miller_1_1_0_thickness_16_VASP_R2SCAN,Fe,10.2160,12.1350,1.9190,1.9190,0.0032,-1.9158
Surface-JVASP-890_miller_1_1_1_thickness_16_VASP_R2SCAN,Ge,4.2800,4.3630,0.0830,0.0830,0.0021,-0.0809
Surface-JVASP-62940_miller_1_1_1_thickness_16_VASP_R2SCAN,BN,6.5640,2.1040,-4.4600,0.0000,4.0697,+4.0697
Surface-JVASP-1192_miller_1_1_0_thickness_16_VASP_R2SCAN,CdSe,0.8710,0.4160,-0.4550,0.0000,2.7218,+2.7218
Surface-JVASP-1312_miller_1_1_0_thickness_16_VASP_R2SCAN,BP,8.7010,7.1860,-1.5150,0.0000,1.5733,+1.5733
Surface-JVASP-36873_miller_1_1_1_thickness_16_VASP_R2SCAN,BSb,8.1110,7.1660,-0.9450,0.0000,0.0093,+0.0093
Surface-JVASP-1372_miller_0_0_1_thickness_16_VASP_R2SCAN,AlAs,5.1760,3.4950,-1.6810,0.0000,0.0013,+0.0013
Surface-JVASP-8184_miller_1_1_0_thickness_16_VASP_R2SCAN,GaP,5.6570,4.3950,-1.2620,0.0000,3.1277,+3.1277
Surface-JVASP-1180_miller_1_1_0_thickness_16_VASP_R2SCAN,InN,5.9800,5.9800,0.0000,0.0000,0.9989,+0.9989
Surface-JVASP-91_miller_1_1_0_thickness_16_VASP_R2SCAN,C,13.9140,9.4570,-4.4570,0.0000,0.0104,+0.0104
Surface-JVASP-107_miller_1_1_1_thickness_16_VASP_R2SCAN,SiC,10.3490,7.8550,-2.4940,0.0000,0.4394,+0.4394
Surface-JVASP-36403_miller_1_1_1_thickness_16_VASP_R2SCAN,SiSn,5.5880,5.3400,-0.2480,0.0000,0.0024,+0.0024
Surface-JVASP-1186_miller_0_0_1_thickness_16_VASP_PBE_noDP,InAs,3.7740,3.7740,0.0000,0.0000,0.0016,+0.0016
Surface-JVASP-1180_miller_0_0_1_thickness_16_VASP_PBE,InN,5.9800,5.9800,0.0000,0.0000,0.0004,+0.0004
Surface-JVASP-1198_miller_0_0_1_thickness_16_VASP_PBE,ZnTe,3.7970,2.7410,-1.0560,0.0000,1.4510,+1.4510
Surface-JVASP-17700_miller_1_1_0_thickness_16_VASP_PBE,InN,5.9670,5.9670,0.0000,0.0000,0.5287,+0.5287
Surface-JVASP-30_miller_1_1_0_thickness_16_VASP_PBE,GaN,6.8340,4.8910,-1.9430,0.0000,4.3976,+4.3976
Surface-JVASP-36123_miller_1_1_0_thickness_16_VASP_PBE,InSb,4.4140,4.4140,0.0000,0.0000,1.8713,+1.8713
Surface-JVASP-10591_miller_0_0_1_thickness_16_VASP_PBE,ZnS,3.8990,1.7960,-2.1030,0.0000,3.9516,+3.9516
Surface-JVASP-858_miller_0_0_1_x1015_thickness_16_VASP_R2SCAN_R2SCAN,Co,9.2120,11.4680,2.2560,2.2560,0.0043,-2.2517
Surface-JVASP-840_miller_0_1_0_x1015_thickness_16_VASP_R2SCAN_R2SCAN,Br,1.3960,0.0880,-1.3080,0.0000,2.0036,+2.0036
Surface-JVASP-834_miller_1_1_0_x1015_thickness_16_VASP_R2SCAN_R2SCAN,Be,4.0020,6.0370,2.0350,2.0350,0.0281,-2.0069
Surface-JVASP-984_miller_1_0_0_x1015_thickness_16_VASP_R2SCAN_R2SCAN,Rh,9.5420,12.3830,2.8410,2.8410,0.0109,-2.8301
Surface-JVASP-890_miller_1_0_0_x1015_thickness_16_VASP_R2SCAN_R2SCAN,Ge,4.2800,4.3630,0.0830,0.0830,0.0026,-0.0804
Surface-JVASP-816_miller_1_1_1_x1015_thickness_16_VASP_R2SCAN_R2SCAN,Al,3.4680,20.2320,16.7640,16.7640,0.0024,-16.7616
Surface-JVASP-993_miller_1_0_0_x1015_thickness_16_VASP_R2SCAN_R2SCAN,Sb,6.3240,6.4650,0.1410,0.1410,0.0036,-0.1374
Surface-JVASP-931_miller_0_0_1_x1015_thickness_16_VASP_R2SCAN_R2SCAN,Na,-1.9010,2.4510,4.3520,4.3520,0.0038,-4.3482
Surface-JVASP-963_miller_1_1_0_x1015_thickness_16_VASP_R2SCAN_R2SCAN,Pd,7.9170,9.4310,1.5140,1.5140,0.0031,-1.5109
Surface-JVASP-1029_miller_1_0_0_x1015_thickness_16_VASP_R2SCAN_R2SCAN,Ti,5.8070,6.1740,0.3670,0.3670,0.0006,-0.3664
Surface-JVASP-1056_miller_1_1_0_x1015_thickness_16_VASP_R2SCAN_R2SCAN,Zn,-0.7970,4.6320,5.4290,5.4290,0.0043,-5.4247
Surface-JVASP-21195_miller_1_1_1_x1015_thickness_16_VASP_R2SCAN_R2SCAN,Mo,10.5640,15.7610,5.1970,5.1970,0.0020,-5.1950
Surface-JVASP-107_miller_1_1_0_thickness_16_VASP_PBE,SiC,10.3490,7.8550,-2.4940,0.0000,2.1842,+2.1842
Surface-JVASP-1174_miller_0_0_1_thickness_16_VASP_PBE_noDP,GaAs,3.4920,3.4070,-0.0850,0.0000,0.0849,+0.0849
Surface-JVASP-1408_miller_1_1_0_thickness_16_VASP_PBE_noDP,AlSb,5.6110,4.2890,-1.3220,0.0000,1.9528,+1.9528
Surface-JVASP-105410_miller_0_0_1_thickness_16_VASP_PBE_noDP,SiGe,5.7140,5.0200,-0.6940,0.0000,0.0193,+0.0193
Surface-JVASP-1109_miller_1_0_0_thickness_16_VASP_PBE_noDP,SnS,6.3920,5.3750,-1.0170,0.0000,1.3471,+1.3471
Surface-JVASP-66546_miller_1_1_0_thickness_16_VASP_PBE_noDP,BaNaSb,2.1780,1.4850,-0.6930,0.0000,2.3029,+2.3029
Surface-JVASP-67988_miller_1_1_0_thickness_16_VASP_PBE_noDP,Na2BeGe,3.8340,3.6310,-0.2030,0.0000,0.0022,+0.0022
Surface-JVASP-70484_miller_1_1_0_thickness_16_VASP_PBE_noDP,Be2NbCo,6.2160,5.7250,-0.4910,0.0000,0.0011,+0.0011
Surface-JVASP-1774_miller_1_1_0_thickness_16_VASP_PBE_noDP,MgSe,3.1330,0.3510,-2.7820,0.0000,5.0925,+5.0925
Surface-JVASP-1201_miller_1_1_0_thickness_16_VASP_PBE_noDP,CuCl,4.1960,3.4670,-0.7290,0.0000,0.7614,+0.7614
Surface-JVASP-1167_miller_1_1_0_thickness_16_VASP_PBE_noDP,BeS,6.7550,3.3600,-3.3950,0.0000,4.5130,+4.5130
Surface-JVASP-104499_miller_1_1_0_thickness_16_VASP_PBE_noDP,KNaSe,2.4260,0.2310,-2.1950,0.0000,3.5744,+3.5744
Surface-JVASP-104498_miller_1_1_0_thickness_16_VASP_PBE_noDP,NaCaSb,4.2380,3.3780,-0.8600,0.0000,2.0422,+2.0422
Surface-JVASP-30_miller_1_0_0_thickness_16_VASP_PBE_noDP,GaN,6.8340,4.8910,-1.9430,0.0000,4.2487,+4.2487
Surface-JVASP-1408_miller_1_1_0_thickness_16_VASP_PBE,AlSb,5.6110,4.2890,-1.3220,0.0000,1.9527,+1.9527
Surface-JVASP-22735_miller_1_1_0_thickness_16_VASP_PBE_noDP,LiCaAs,1.2270,3.1100,1.8830,1.8830,2.6384,+0.7554
Surface-JVASP-7762_miller_1_1_0_thickness_16_VASP_PBE_noDP,MgTe,4.1180,1.6230,-2.4950,0.0000,4.4296,+4.4296
Surface-JVASP-22652_miller_1_1_0_thickness_16_VASP_PBE_noDP,ScSbPd,7.4810,7.7760,0.2950,0.2950,0.0748,-0.2202
Surface-JVASP-7706_miller_1_1_0_thickness_16_VASP_PBE_noDP,LiGaSi,5.6400,5.4140,-0.2260,0.0000,0.3410,+0.3410
Surface-JVASP-8562_miller_1_1_0_thickness_16_VASP_PBE_noDP,CuI,5.3100,4.0600,-1.2500,0.0000,2.1134,+2.1134
Surface-JVASP-78746_miller_1_1_0_thickness_16_VASP_PBE_noDP,NaYSn,2.8120,2.6420,-0.1700,0.0000,0.0030,+0.0030
Surface-JVASP-36018_miller_1_1_0_thickness_16_VASP_PBE_noDP,GeC,8.5240,6.5970,-1.9270,0.0000,1.6623,+1.6623
Surface-JVASP-78883_miller_1_1_0_thickness_16_VASP_PBE_noDP,LiMgSb,4.2280,3.1700,-1.0580,0.0000,2.0339,+2.0339
Surface-JVASP-22540_miller_1_1_0_thickness_16_VASP_PBE_noDP,LiMgP,2.5440,4.2830,1.7390,1.7390,3.0546,+1.3156
Surface-JVASP-22546_miller_1_1_0_thickness_16_VASP_PBE_noDP,LiMgN,2.6260,5.4120,2.7860,2.7860,2.7397,-0.0463
Surface-JVASP-31161_miller_1_1_0_thickness_16_VASP_PBE_noDP,LiMgP,4.2830,2.5440,-1.7390,0.0000,3.0534,+3.0534
Surface-JVASP-40776_miller_1_1_0_thickness_16_VASP_PBE_noDP,ZrSiPd,8.9630,8.1900,-0.7730,0.0000,0.0960,+0.0960
Surface-JVASP-40788_miller_1_1_0_thickness_16_VASP_PBE_noDP,TiFeTe,9.9800,8.8780,-1.1020,0.0000,0.4637,+0.4637
Surface-JVASP-40835_miller_1_1_0_thickness_16_VASP_PBE_noDP,LiCaRh,3.9890,3.6380,-0.3510,0.0000,0.0050,+0.0050
Surface-JVASP-40842_miller_1_1_0_thickness_16_VASP_PBE_noDP,BaNaSb,3.2430,2.8280,-0.4150,0.0000,1.5364,+1.5364
Surface-JVASP-78357_miller_1_1_0_thickness_16_VASP_PBE_noDP,GaN,6.6550,4.8700,-1.7850,0.0000,4.2879,+4.2879
Surface-JVASP-40764_miller_1_1_0_thickness_16_VASP_PBE_noDP,ZrFeTe,11.1870,9.9740,-1.2130,0.0000,0.2697,+0.2697
Surface-JVASP-34397_miller_1_1_0_thickness_16_VASP_PBE_noDP,MoSBr,6.3420,5.4570,-0.8850,0.0000,0.0050,+0.0050
Surface-JVASP-109426_miller_1_1_0_thickness_16_VASP_PBE_noDP,TiTeRu,9.4690,8.6150,-0.8540,0.0000,0.0031,+0.0031
Surface-JVASP-27401_miller_1_1_0_thickness_16_VASP_PBE_noDP,NbSbRu,8.2240,7.8550,-0.3690,0.0000,0.0014,+0.0014
Surface-JVASP-116006_miller_1_1_0_thickness_16_VASP_PBE_noDP,LaOF,9.2780,4.4850,-4.7930,0.0000,6.0350,+6.0350
Surface-JVASP-115436_miller_1_1_0_thickness_16_VASP_PBE_noDP,NaSrAs,2.1520,0.8540,-1.2980,0.0000,2.5068,+2.5068
Surface-JVASP-117621_miller_1_1_0_thickness_16_VASP_PBE_noDP,BaSe,1.6960,-0.6320,-2.3280,0.0000,3.6944,+3.6944
Surface-JVASP-118851_miller_1_1_0_thickness_16_VASP_PBE_noDP,NaCaAs,2.7950,1.1040,-1.6910,0.0000,2.6159,+2.6159
Surface-JVASP-138743_miller_1_1_0_thickness_16_VASP_PBE_noDP,LiCuS,5.8480,4.9240,-0.9240,0.0000,0.7885,+0.7885
Surface-JVASP-138301_miller_1_1_0_thickness_16_VASP_PBE_noDP,AgH,6.6090,5.8020,-0.8070,0.0000,0.6290,+0.6290
Surface-JVASP-149595_miller_1_1_0_thickness_16_VASP_PBE_noDP,ZnTe,3.7370,2.7560,-0.9810,0.0000,2.6424,+2.6424
Surface-JVASP-156490_miller_1_1_0_thickness_16_VASP_PBE_noDP,NbGaNi,5.9130,5.6880,-0.2250,0.0000,0.0073,+0.0073
Surface-JVASP-90425_miller_1_0_0_thickness_16_VASP_PBE_noDP,ScAlCO,7.1140,5.8480,-1.2660,0.0000,0.7722,+0.7722
Surface-JVASP-98974_miller_1_0_0_thickness_16_VASP_PBE_noDP,K6CoSe4,1.7400,1.2760,-0.4640,0.0000,0.0027,+0.0027
Surface-JVASP-103280_miller_1_0_0_thickness_16_VASP_PBE_noDP,MgS,4.4110,0.8250,-3.5860,0.0000,5.8405,+5.8405
Surface-JVASP-1195_miller_1_0_0_thickness_16_VASP_PBE_noDP,ZnO,1.6820,0.7170,-0.9650,0.0000,3.7761,+3.7761
Surface-JVASP-3075_miller_1_0_0_thickness_16_VASP_PBE_noDP,LiZnSb,5.0740,4.5520,-0.5220,0.0000,0.4787,+0.4787
Surface-JVASP-8183_miller_1_0_0_thickness_16_VASP_PBE_noDP,AlAs,5.3990,3.5920,-1.8070,0.0000,2.8097,+2.8097
Surface-JVASP-27530_miller_1_0_0_thickness_16_VASP_PBE_noDP,Na6ZnS4,3.1520,0.9160,-2.2360,0.0000,3.7139,+3.7139
Surface-JVASP-7671_miller_1_0_0_thickness_16_VASP_PBE_noDP,CdSe,0.9220,0.4230,-0.4990,0.0000,2.7235,+2.7235
Surface-JVASP-31882_miller_1_0_0_thickness_16_VASP_PBE_noDP,FeN3ClO3,1.2240,-0.0700,-1.2940,0.0000,2.1901,+2.1901
Surface-JVASP-34228_miller_1_0_0_thickness_16_VASP_PBE_noDP,MgO,4.2700,0.4720,-3.7980,0.0000,5.9021,+5.9021
Surface-JVASP-50191_miller_1_0_0_thickness_16_VASP_PBE_noDP,Na6BeO4,3.3710,1.0830,-2.2880,0.0000,2.1656,+2.1656
Surface-JVASP-56190_miller_1_0_0_thickness_16_VASP_PBE_noDP,CuI,5.4040,4.1070,-1.2970,0.0000,2.0812,+2.0812
Surface-JVASP-54821_miller_1_0_0_thickness_16_VASP_PBE_noDP,LiI,4.8270,0.2740,-4.5530,0.0000,5.7608,+5.7608
Surface-JVASP-182_miller_1_0_0_thickness_16_VASP_PBE_noDP,SiC,10.1360,7.8340,-2.3020,0.0000,0.0004,+0.0004
Surface-JVASP-35260_miller_1_0_0_thickness_16_VASP_PBE_noDP,Na6ZnSe4,2.3380,0.5830,-1.7550,0.0000,3.0440,+3.0440
Surface-JVASP-49211_miller_1_0_0_thickness_16_VASP_PBE_noDP,K6CoS4,2.3080,1.8430,-0.4650,0.0000,0.0018,+0.0018
Surface-JVASP-22618_miller_1_0_0_thickness_16_VASP_PBE_noDP,ZnS,1.8060,3.9450,2.1390,2.1390,3.9063,+1.7673
Surface-JVASP-57104_miller_1_0_0_thickness_16_VASP_PBE_noDP,ZnS,3.8910,1.7940,-2.0970,0.0000,3.8185,+3.8185
Surface-JVASP-49235_miller_1_0_0_thickness_16_VASP_PBE_noDP,Na3Ca3AlAs4,3.5440,2.5880,-0.9560,0.0000,2.0698,+2.0698
Surface-JVASP-55253_miller_1_0_0_thickness_16_VASP_PBE_noDP,K6MnSe4,2.0200,0.7950,-1.2250,0.0000,0.0025,+0.0025
Surface-JVASP-142134_miller_1_0_0_thickness_16_VASP_PBE_noDP,K6ZnSe4,1.5940,0.0250,-1.5690,0.0000,3.3427,+3.3427
Surface-JVASP-134136_miller_1_0_0_thickness_16_VASP_PBE_noDP,BeSe,6.1000,2.7260,-3.3740,0.0000,3.8749,+3.8749
Surface-JVASP-151876_miller_1_0_0_thickness_16_VASP_PBE_noDP,AlPO4,3.7250,-1.4410,-5.1660,0.0000,7.5811,+7.5811
Surface-JVASP-1372_miller_1_1_0_thickness_16_VASP_PBE_noDP,AlAs,5.1760,3.4950,-1.6810,0.0000,2.6808,+2.6808
Surface-JVASP-7671_miller_1_1_0_thickness_16_VASP_PBE_noDP,CdSe,0.9220,0.4230,-0.4990,0.0000,3.1448,+3.1448
Surface-JVASP-7923_miller_1_1_0_thickness_16_VASP_PBE_noDP,ZnO,1.5990,0.7280,-0.8710,0.0000,3.7974,+3.7974
Surface-JVASP-8158_miller_0_0_1_thickness_16_VASP_PBE_noDP,SiC,9.4080,7.7880,-1.6200,0.0000,0.0051,+0.0051
Surface-JVASP-8185_miller_1_1_0_thickness_16_VASP_PBE_noDP,GaAs,3.6040,3.5060,-0.0980,0.0000,2.8327,+2.8327
Surface-JVASP-890_miller_1_1_0_thickness_16_VASP_PBE_noDP,Ge,4.2800,4.3630,0.0830,0.0830,0.0934,+0.0104
Surface-JVASP-8158_miller_0_0_1_thickness_16_VASP_PBE,SiC,9.4080,7.7880,-1.6200,0.0000,0.0011,+0.0011
Surface-JVASP-8185_miller_1_1_0_thickness_16_VASP_PBE,GaAs,3.6040,3.5060,-0.0980,0.0000,2.8225,+2.8225
Surface-JVASP-890_miller_1_1_0_thickness_16_VASP_PBE,Ge,4.2800,4.3630,0.0830,0.0830,0.0029,-0.0801
Surface-JVASP-1192_miller_0_0_1_thickness_16_VASP_PBE_noDP,CdSe,0.8710,0.4160,-0.4550,0.0000,1.1953,+1.1953
Surface-JVASP-1408_miller_0_0_1_thickness_16_VASP_PBE_noDP,AlSb,5.6110,4.2890,-1.3220,0.0000,0.8694,+0.8694
Surface-JVASP-23_miller_1_1_0_thickness_16_VASP_PBE_noDP,CdTe,2.2530,1.7550,-0.4980,0.0000,2.6094,+2.6094
Surface-JVASP-36119_miller_1_1_0_thickness_16_VASP_PBE_noDP,InAs,3.8220,3.8220,0.0000,0.0000,2.0935,+2.0935
Surface-JVASP-36123_miller_1_1_0_thickness_16_VASP_PBE_noDP,InSb,4.4140,4.4140,0.0000,0.0000,2.4191,+2.4191
Surface-JVASP-7671_miller_1_1_0_thickness_16_VASP_PBE,CdSe,0.9220,0.4230,-0.4990,0.0000,3.1406,+3.1406
Surface-JVASP-7923_miller_1_1_0_thickness_16_VASP_PBE,ZnO,1.5990,0.7280,-0.8710,0.0000,3.6057,+3.6057
Surface-JVASP-943_miller_1_1_1_thickness_16_VASP_R2SCAN,Ni,6.6820,8.1080,1.4260,1.4260,0.0005,-1.4255
Surface-JVASP-867_miller_1_1_0_thickness_16_VASP_R2SCAN,Cu,4.3580,12.8890,8.5310,8.5310,0.0148,-8.5162
Surface-JVASP-816_miller_0_0_1_thickness_16_VASP_R2SCAN,Al,3.4680,20.2320,16.7640,16.7640,0.0052,-16.7588
Surface-JVASP-1029_miller_1_1_1_thickness_16_VASP_R2SCAN,Ti,5.8070,6.1740,0.3670,0.3670,0.0017,-0.3653
Surface-JVASP-963_miller_1_1_0_thickness_16_VASP_R2SCAN,Pd,7.9170,9.4310,1.5140,1.5140,0.0012,-1.5128
Surface-JVASP-8158_miller_1_1_0_thickness_16_VASP_R2SCAN,SiC,9.4080,7.7880,-1.6200,0.0000,1.1948,+1.1948
Surface-JVASP-919_miller_0_0_1_thickness_16_VASP_R2SCAN,Mg,1.1080,3.4500,2.3420,2.3420,0.0134,-2.3286
Surface-JVASP-39_miller_0_0_1_thickness_16_VASP_R2SCAN,AlN,10.3060,5.8320,-4.4740,0.0000,2.7038,+2.7038
Surface-JVASP-62940_miller_1_1_0_thickness_16_VASP_R2SCAN,BN,6.5640,2.1040,-4.4600,0.0000,4.0601,+4.0601
Surface-JVASP-1195_miller_1_1_0_thickness_16_VASP_R2SCAN,ZnO,1.6820,0.7170,-0.9650,0.0000,4.3611,+4.3611
Surface-JVASP-1312_miller_0_0_1_thickness_16_VASP_R2SCAN,BP,8.7010,7.1860,-1.5150,0.0000,0.0003,+0.0003
Surface-JVASP-36873_miller_1_1_0_thickness_16_VASP_R2SCAN,BSb,8.1110,7.1660,-0.9450,0.0000,1.1069,+1.1069
Surface-JVASP-1372_miller_1_1_0_thickness_16_VASP_R2SCAN,AlAs,5.1760,3.4950,-1.6810,0.0000,2.6751,+2.6751
Surface-JVASP-1174_miller_1_1_1_thickness_16_VASP_R2SCAN,GaAs,3.4920,3.4070,-0.0850,0.0000,0.0028,+0.0028
Surface-JVASP-1183_miller_1_1_0_thickness_16_VASP_R2SCAN,InP,4.9180,4.5880,-0.3300,0.0000,2.8349,+2.8349
Surface-JVASP-8118_miller_0_0_1_thickness_16_VASP_R2SCAN,SiC,10.5450,7.9270,-2.6180,0.0000,0.1535,+0.1535
Surface-JVASP-36408_miller_1_1_0_thickness_16_VASP_R2SCAN,SnC,8.3240,7.5760,-0.7480,0.0000,1.9266,+1.9266
Surface-JVASP-1008_miller_1_1_0_thickness_16_VASP_R2SCAN,Sn,4.6200,4.9300,0.3100,0.3100,0.0014,-0.3086
Surface-JVASP-1073_miller_1_1_0_thickness_16_VASP_PBE,SiGe,5.5940,5.1910,-0.4030,0.0000,0.2059,+0.2059
Surface-JVASP-1183_miller_0_0_1_thickness_16_VASP_PBE,InP,4.9180,4.5880,-0.3300,0.0000,1.3405,+1.3405
Surface-JVASP-1327_miller_1_0_0_thickness_16_VASP_PBE,AlP,6.0540,4.2600,-1.7940,0.0000,1.2543,+1.2543
Surface-JVASP-22685_miller_1_1_0_thickness_16_VASP_PBE,CdTe,1.7760,2.3020,0.5260,0.5260,3.7943,+3.2683
Surface-JVASP-35711_miller_1_1_0_thickness_16_VASP_PBE,GaSb,4.4540,4.4530,-0.0010,0.0000,1.6037,+1.6037
Surface-JVASP-36204_miller_1_1_0_thickness_16_VASP_PBE,BP,8.8470,7.4700,-1.3770,0.0000,2.1605,+2.1605
Surface-JVASP-858_miller_1_1_1_x1015_thickness_16_VASP_R2SCAN_R2SCAN,Co,9.2120,11.4680,2.2560,2.2560,0.0003,-2.2557
Surface-JVASP-919_miller_1_1_0_x1015_thickness_16_VASP_R2SCAN_R2SCAN,Mg,1.1080,3.4500,2.3420,2.3420,0.0252,-2.3168
Surface-JVASP-858_miller_1_1_0_x1015_thickness_16_VASP_R2SCAN_R2SCAN,Co,9.2120,11.4680,2.2560,2.2560,0.0005,-2.2555
Surface-JVASP-919_miller_0_0_1_x1015_thickness_16_VASP_R2SCAN_R2SCAN,Mg,1.1080,3.4500,2.3420,2.3420,0.0251,-2.3169
Surface-JVASP-895_miller_1_0_0_x1015_thickness_16_VASP_R2SCAN_R2SCAN,I,3.4940,2.5790,-0.9150,0.0000,0.0080,+0.0080
Surface-JVASP-919_miller_1_0_0_x1015_thickness_16_VASP_R2SCAN_R2SCAN,Mg,1.1080,3.4500,2.3420,2.3420,0.0203,-2.3217
Surface-JVASP-993_miller_1_1_1_x1015_thickness_16_VASP_R2SCAN_R2SCAN,Sb,6.3240,6.4650,0.1410,0.1410,0.0033,-0.1377
Surface-JVASP-931_miller_1_0_1_x1015_thickness_16_VASP_R2SCAN_R2SCAN,Na,-1.9010,2.4510,4.3520,4.3520,0.0005,-4.3515
Surface-JVASP-1002_miller_1_0_0_x1015_thickness_16_VASP_R2SCAN_R2SCAN,Si,6.1900,5.4590,-0.7310,0.0000,0.0018,+0.0018
Surface-JVASP-1029_miller_1_1_0_x1015_thickness_16_VASP_R2SCAN_R2SCAN,Ti,5.8070,6.1740,0.3670,0.3670,0.0007,-0.3663
Surface-JVASP-1056_miller_0_0_1_x1015_thickness_16_VASP_R2SCAN_R2SCAN,Zn,-0.7970,4.6320,5.4290,5.4290,0.0076,-5.4214
Surface-JVASP-14837_miller_1_0_0_x1015_thickness_16_VASP_R2SCAN_R2SCAN,V,4.6180,9.4310,4.8130,4.8130,0.0017,-4.8113
Surface-JVASP-10591_miller_1_1_0_thickness_16_VASP_PBE_noDP,ZnS,3.8990,1.7960,-2.1030,0.0000,4.0901,+4.0901
Surface-JVASP-1177_miller_0_0_1_thickness_16_VASP_PBE_noDP,GaSb,4.3500,4.3500,0.0000,0.0000,0.0111,+0.0111
Surface-JVASP-96_miller_1_1_0_thickness_16_VASP_PBE_noDP,ZnSe,2.4260,1.2020,-1.2240,0.0000,3.7839,+3.7839
Surface-JVASP-105410_miller_1_1_0_thickness_16_VASP_PBE_noDP,SiGe,5.7140,5.0200,-0.6940,0.0000,0.4169,+0.4169
Surface-JVASP-1177_miller_1_1_0_thickness_16_VASP_PBE_noDP,GaSb,4.3500,4.3500,0.0000,0.0000,0.6472,+0.6472
Surface-JVASP-66567_miller_1_1_0_thickness_16_VASP_PBE_noDP,BaZnTe,2.6370,1.0140,-1.6230,0.0000,1.5256,+1.5256
Surface-JVASP-92236_miller_1_1_0_thickness_16_VASP_PBE_noDP,CuI,5.2300,3.9940,-1.2360,0.0000,2.0825,+2.0825
Surface-JVASP-1327_miller_1_1_0_thickness_16_VASP_PBE_noDP,AlP,6.0540,4.2600,-1.7940,0.0000,2.7641,+2.7641
Surface-JVASP-1183_miller_1_1_0_thickness_16_VASP_PBE_noDP,InP,4.9180,4.5880,-0.3300,0.0000,2.8341,+2.8341
Surface-JVASP-1636_miller_1_1_0_thickness_16_VASP_PBE_noDP,LiZnAs,3.3920,2.8510,-0.5410,0.0000,1.7461,+1.7461
Surface-JVASP-102056_miller_1_1_0_thickness_16_VASP_PBE_noDP,ZrSbRh,10.2180,9.0510,-1.1670,0.0000,0.4680,+0.4680
Surface-JVASP-101739_miller_1_1_0_thickness_16_VASP_PBE_noDP,CaHF,4.9680,0.2520,-4.7160,0.0000,5.7101,+5.7101
Surface-JVASP-1684_miller_1_1_0_thickness_16_VASP_PBE_noDP,NbFeSb,8.6600,7.9110,-0.7490,0.0000,0.1599,+0.1599
Surface-JVASP-1198_miller_1_1_0_thickness_16_VASP_PBE_noDP,ZnTe,3.7970,2.7410,-1.0560,0.0000,2.6486,+2.6486
Surface-JVASP-1702_miller_1_1_0_thickness_16_VASP_PBE,ZnS,3.8830,1.7960,-2.0870,0.0000,4.0312,+4.0312
Surface-JVASP-22736_miller_1_1_0_thickness_16_VASP_PBE_noDP,NaCaAs,1.0960,2.8910,1.7950,1.7950,2.6155,+0.8205
Surface-JVASP-7772_miller_1_1_0_thickness_16_VASP_PBE_noDP,YN,4.2280,1.9950,-2.2330,0.0000,2.9666,+2.9666
Surface-JVASP-8158_miller_1_1_0_thickness_16_VASP_PBE_noDP,SiC,9.4080,7.7880,-1.6200,0.0000,1.1944,+1.1944
Surface-JVASP-7715_miller_1_1_0_thickness_16_VASP_PBE_noDP,YNiSb,6.6840,6.4100,-0.2740,0.0000,0.0232,+0.0232
Surface-JVASP-8750_miller_1_1_0_thickness_16_VASP_PBE_noDP,VSbRu,8.5400,8.1500,-0.3900,0.0000,0.0005,+0.0005
Surface-JVASP-78748_miller_1_1_0_thickness_16_VASP_PBE_noDP,NaLiTe,3.5870,1.5160,-2.0710,0.0000,3.4057,+3.4057
Surface-JVASP-78738_miller_1_1_0_thickness_16_VASP_PBE_noDP,TiNiSn,7.8240,7.3620,-0.4620,0.0000,0.0023,+0.0023
Surface-JVASP-36165_miller_1_1_0_thickness_16_VASP_PBE_noDP,CaSe,2.8510,-0.4500,-3.3010,0.0000,5.0815,+5.0815
Surface-JVASP-40772_miller_1_1_0_thickness_16_VASP_PBE_noDP,YNiP,6.3390,5.7590,-0.5800,0.0000,0.0620,+0.0620
Surface-JVASP-40778_miller_1_1_0_thickness_16_VASP_PBE_noDP,SrTePd,5.4340,5.3060,-0.1280,0.0000,0.0802,+0.0802
Surface-JVASP-40790_miller_1_1_0_thickness_16_VASP_PBE_noDP,ScNiP,7.3280,6.7520,-0.5760,0.0000,0.5456,+0.5456
Surface-JVASP-40797_miller_1_1_0_thickness_16_VASP_PBE_noDP,TiSnPd,8.1250,7.5980,-0.5270,0.0000,0.0003,+0.0003
Surface-JVASP-56856_miller_1_1_0_thickness_16_VASP_PBE_noDP,VFeSb,8.8440,8.3290,-0.5150,0.0000,0.1825,+0.1825
Surface-JVASP-79540_miller_1_1_0_thickness_16_VASP_PBE_noDP,Ti2MnGa,7.5050,7.2960,-0.2090,0.0000,0.0024,+0.0024
Surface-JVASP-40766_miller_1_1_0_thickness_16_VASP_PBE_noDP,ZrFeSe,9.5130,9.1190,-0.3940,0.0000,0.4058,+0.4058
Surface-JVASP-7629_miller_1_1_0_thickness_16_VASP_PBE_noDP,SnS,3.5020,3.1310,-0.3710,0.0000,1.6633,+1.6633
Surface-JVASP-31185_miller_1_1_0_thickness_16_VASP_PBE_noDP,LiMgN,5.4120,2.6260,-2.7860,0.0000,2.7414,+2.7414
Surface-JVASP-110652_miller_1_1_0_thickness_16_VASP_PBE_noDP,BaBrCl,4.1590,-0.7170,-4.8760,0.0000,5.6037,+5.6037
Surface-JVASP-116272_miller_1_1_0_thickness_16_VASP_PBE_noDP,LiH,2.9030,-1.8630,-4.7660,0.0000,3.6469,+3.6469
Surface-JVASP-115607_miller_1_1_0_thickness_16_VASP_PBE_noDP,BaTePd,4.7940,4.4180,-0.3760,0.0000,0.1245,+0.1245
Surface-JVASP-120123_miller_1_1_0_thickness_16_VASP_PBE_noDP,AlAs,5.0820,3.5150,-1.5670,0.0000,2.6761,+2.6761
Surface-JVASP-133843_miller_1_1_0_thickness_16_VASP_PBE_noDP,BSb,7.9910,7.1610,-0.8300,0.0000,1.1003,+1.1003
Surface-JVASP-134415_miller_1_1_0_thickness_16_VASP_PBE_noDP,CaTe,3.4990,0.4780,-3.0210,0.0000,4.1976,+4.1976
Surface-JVASP-138309_miller_1_1_0_thickness_16_VASP_PBE_noDP,AgH,6.6180,5.7500,-0.8680,0.0000,0.6245,+0.6245
Surface-JVASP-149059_miller_1_1_0_thickness_16_VASP_PBE_noDP,ZnSO4,1.4550,-2.8600,-4.3150,0.0000,0.9135,+0.9135
Surface-JVASP-5485_miller_1_0_0_thickness_16_VASP_PBE_noDP,CdI2,3.7090,1.5900,-2.1190,0.0000,5.2859,+5.2859
Surface-JVASP-88080_miller_1_0_0_thickness_16_VASP_PBE_noDP,Ba4Br6O,4.4990,0.0870,-4.4120,0.0000,5.3701,+5.3701
Surface-JVASP-96805_miller_1_0_0_thickness_16_VASP_PBE_noDP,La4S3NCl3,8.1940,5.1590,-3.0350,0.0000,3.5656,+3.5656
Surface-JVASP-104777_miller_1_0_0_thickness_16_VASP_PBE_noDP,LiSnN,6.3390,5.2680,-1.0710,0.0000,0.0031,+0.0031
Surface-JVASP-107458_miller_1_0_0_thickness_16_VASP_PBE_noDP,LiCl,4.7660,-1.2160,-5.9820,0.0000,7.3395,+7.3395
Surface-JVASP-49361_miller_1_0_0_thickness_16_VASP_PBE_noDP,K6CdTe4,2.2960,0.7790,-1.5170,0.0000,3.3505,+3.3505
Surface-JVASP-8184_miller_1_0_0_thickness_16_VASP_PBE_noDP,GaP,5.6570,4.3950,-1.2620,0.0000,2.7683,+2.7683
Surface-JVASP-8603_miller_1_0_0_thickness_16_VASP_PBE_noDP,CuH,5.9970,5.3210,-0.6760,0.0000,0.0054,+0.0054
Surface-JVASP-8561_miller_1_0_0_thickness_16_VASP_PBE_noDP,AgI,3.8590,2.5750,-1.2840,0.0000,3.1263,+3.1263
Surface-JVASP-57476_miller_1_0_0_thickness_16_VASP_PBE_noDP,CuCSN,4.2970,2.2260,-2.0710,0.0000,2.2214,+2.2214
Surface-JVASP-79204_miller_1_0_0_thickness_16_VASP_PBE_noDP,BN,12.6740,7.2430,-5.4310,0.0000,3.3615,+3.3615
Surface-JVASP-79624_miller_1_0_0_thickness_16_VASP_PBE_noDP,GaP,5.6580,4.3950,-1.2630,0.0000,2.7679,+2.7679
Surface-JVASP-35695_miller_1_0_0_thickness_16_VASP_PBE_noDP,MgSe,3.2070,0.4040,-2.8030,0.0000,5.1252,+5.1252
Surface-JVASP-23972_miller_1_0_0_thickness_16_VASP_PBE_noDP,H4NF,-4.5540,1.4230,5.9770,5.9770,16.2104,+10.2334
Surface-JVASP-38538_miller_1_0_0_thickness_16_VASP_PBE_noDP,LiBr,3.7900,-1.3560,-5.1460,0.0000,6.6093,+6.6093
Surface-JVASP-290_miller_1_0_0_thickness_16_VASP_PBE_noDP,SnS2,5.2330,4.1320,-1.1010,0.0000,0.3509,+0.3509
Surface-JVASP-45247_miller_1_0_0_thickness_16_VASP_PBE_noDP,Na3Sr3GaAs4,2.6870,2.2830,-0.4040,0.0000,1.9196,+1.9196
Surface-JVASP-13047_miller_1_0_0_thickness_16_VASP_PBE_noDP,K4Sb2O3,2.4580,1.0700,-1.3880,0.0000,0.6088,+0.6088
Surface-JVASP-110096_miller_1_0_0_thickness_16_VASP_PBE_noDP,SrClO,-0.1380,-0.6800,-0.5420,0.0000,0.0026,+0.0026
Surface-JVASP-26790_miller_1_0_0_thickness_16_VASP_PBE_noDP,Sr4Br6O,4.9560,0.3400,-4.6160,0.0000,5.3012,+5.3012
Surface-JVASP-45297_miller_1_0_0_thickness_16_VASP_PBE_noDP,K6MgO4,2.5130,0.6340,-1.8790,0.0000,0.0014,+0.0014
Surface-JVASP-112334_miller_1_0_0_thickness_16_VASP_PBE_noDP,Cd2Mo3O8,5.0380,4.7870,-0.2510,0.0000,0.0012,+0.0012
Surface-JVASP-141207_miller_1_0_0_thickness_16_VASP_PBE_noDP,K6ZnS4,2.1740,0.2930,-1.8810,0.0000,2.2135,+2.2135
Surface-JVASP-890_miller_1_1_0_thickness_16_VASP_PBE_DP,Ge,4.2800,4.3630,0.0830,0.0830,0.0005,-0.0825
Surface-JVASP-1248_miller_1_1_0_thickness_16_VASP_PBE_noDP,BeTe,6.6300,4.4280,-2.2020,0.0000,3.4120,+3.4120
Surface-JVASP-7836_miller_1_1_0_thickness_16_VASP_PBE_noDP,BN,11.9370,7.1240,-4.8130,0.0000,3.0003,+3.0003
Surface-JVASP-8003_miller_0_0_1_thickness_16_VASP_PBE_noDP,CdS,1.8180,0.8250,-0.9930,0.0000,2.0558,+2.0558
Surface-JVASP-8169_miller_1_1_0_thickness_16_VASP_PBE_noDP,GaN,6.6550,4.8700,-1.7850,0.0000,4.2879,+4.2879
Surface-JVASP-8186_miller_1_1_0_thickness_16_VASP_PBE_noDP,ZnTe,3.8590,2.7810,-1.0780,0.0000,3.1100,+3.1100
Surface-JVASP-95_miller_1_1_0_thickness_16_VASP_PBE_noDP,CdS,1.8780,0.8230,-1.0550,0.0000,4.6389,+4.6389
Surface-JVASP-8169_miller_1_1_0_thickness_16_VASP_PBE,GaN,6.6550,4.8700,-1.7850,0.0000,4.2879,+4.2879
Surface-JVASP-8186_miller_1_1_0_thickness_16_VASP_PBE,ZnTe,3.8590,2.7810,-1.0780,0.0000,3.1156,+3.1156
Surface-JVASP-95_miller_1_1_0_thickness_16_VASP_PBE,CdS,1.8780,0.8230,-1.0550,0.0000,4.4766,+4.4766
Surface-JVASP-1198_miller_0_0_1_thickness_16_VASP_PBE_noDP,ZnTe,3.7970,2.7410,-1.0560,0.0000,0.0071,+0.0071
Surface-JVASP-17700_miller_1_1_0_thickness_16_VASP_PBE_noDP,InN,5.9670,5.9670,0.0000,0.0000,0.5268,+0.5268
Surface-JVASP-30_miller_1_1_0_thickness_16_VASP_PBE_noDP,GaN,6.8340,4.8910,-1.9430,0.0000,4.3956,+4.3956
Surface-JVASP-36204_miller_1_1_0_thickness_16_VASP_PBE_noDP,BP,8.8470,7.4700,-1.3770,0.0000,2.1276,+2.1276
Surface-JVASP-36403_miller_0_0_1_thickness_16_VASP_PBE_noDP,SiSn,5.5880,5.3400,-0.2480,0.0000,0.0131,+0.0131
Surface-JVASP-7836_miller_1_1_0_thickness_16_VASP_PBE,BN,11.9370,7.1240,-4.8130,0.0000,3.0003,+3.0003
Surface-JVASP-8003_miller_0_0_1_thickness_16_VASP_PBE,CdS,1.8180,0.8250,-0.9930,0.0000,2.0597,+2.0597
Surface-JVASP-943_miller_1_1_0_thickness_16_VASP_R2SCAN,Ni,6.6820,8.1080,1.4260,1.4260,0.0005,-1.4255
Surface-JVASP-1002_miller_1_0_0_thickness_16_VASP_R2SCAN,Si,6.1900,5.4590,-0.7310,0.0000,0.0361,+0.0361
Surface-JVASP-816_miller_1_1_1_thickness_16_VASP_R2SCAN,Al,3.4680,20.2320,16.7640,16.7640,0.0084,-16.7556
Surface-JVASP-1029_miller_1_1_0_thickness_16_VASP_R2SCAN,Ti,5.8070,6.1740,0.3670,0.3670,0.0020,-0.3650
Surface-JVASP-813_miller_0_0_1_thickness_16_VASP_R2SCAN,Ag,4.1940,13.3710,9.1770,9.1770,0.0109,-9.1661
Surface-JVASP-861_miller_1_1_0_thickness_16_VASP_R2SCAN,Cr,10.0230,13.3900,3.3670,3.3670,0.0001,-3.3669
Surface-JVASP-1056_miller_0_0_1_thickness_16_VASP_R2SCAN,Zn,-0.7970,4.6320,5.4290,5.4290,0.0064,-5.4226
Surface-JVASP-39_miller_1_1_0_thickness_16_VASP_R2SCAN,AlN,10.3060,5.8320,-4.4740,0.0000,3.9542,+3.9542
Surface-JVASP-20092_miller_0_0_1_thickness_16_VASP_R2SCAN,CdO,1.1660,1.4600,0.2940,0.2940,1.2043,+0.9103
Surface-JVASP-1195_miller_0_0_1_thickness_16_VASP_R2SCAN,ZnO,1.6820,0.7170,-0.9650,0.0000,0.6208,+0.6208
Surface-JVASP-1312_miller_1_1_1_thickness_16_VASP_R2SCAN,BP,8.7010,7.1860,-1.5150,0.0000,0.7388,+0.7388
Surface-JVASP-1327_miller_1_1_0_thickness_16_VASP_R2SCAN,AlP,6.0540,4.2600,-1.7940,0.0000,2.7495,+2.7495
Surface-JVASP-1408_miller_1_1_0_thickness_16_VASP_R2SCAN,AlSb,5.6110,4.2890,-1.3220,0.0000,1.9495,+1.9495
Surface-JVASP-1174_miller_1_1_0_thickness_16_VASP_R2SCAN,GaAs,3.4920,3.4070,-0.0850,0.0000,1.9663,+1.9663
Surface-JVASP-91_miller_0_0_1_thickness_16_VASP_R2SCAN,C,13.9140,9.4570,-4.4570,0.0000,0.0025,+0.0025
Surface-JVASP-8118_miller_1_1_1_thickness_16_VASP_R2SCAN,SiC,10.5450,7.9270,-2.6180,0.0000,0.0024,+0.0024
Surface-JVASP-105410_miller_1_1_1_thickness_16_VASP_R2SCAN,SiGe,5.7140,5.0200,-0.6940,0.0000,0.0039,+0.0039
Surface-JVASP-1008_miller_0_0_1_thickness_16_VASP_R2SCAN,Sn,4.6200,4.9300,0.3100,0.3100,0.0048,-0.3052
Surface-JVASP-1177_miller_0_0_1_thickness_16_VASP_PBE,GaSb,4.3500,4.3500,0.0000,0.0000,0.0154,+0.0154
Surface-JVASP-1186_miller_0_0_1_thickness_16_VASP_PBE,InAs,3.7740,3.7740,0.0000,0.0000,0.4109,+0.4109
Surface-JVASP-1393_miller_1_1_0_thickness_16_VASP_PBE,GaP,5.7760,4.2940,-1.4820,0.0000,2.9186,+2.9186
Surface-JVASP-23_miller_1_1_0_thickness_16_VASP_PBE,CdTe,2.2530,1.7550,-0.4980,0.0000,2.6091,+2.6091
Surface-JVASP-35748_miller_1_1_0_thickness_16_VASP_PBE,AlSb,5.4510,4.3930,-1.0580,0.0000,2.3891,+2.3891
Surface-JVASP-36408_miller_0_0_1_thickness_16_VASP_PBE,SnC,8.3240,7.5760,-0.7480,0.0000,0.0784,+0.0784
Surface-JVASP-895_miller_0_1_0_x1015_thickness_16_VASP_R2SCAN_R2SCAN,I,3.4940,2.5790,-0.9150,0.0000,1.8634,+1.8634
Surface-JVASP-828_miller_0_0_1_x1015_thickness_16_VASP_R2SCAN_R2SCAN,B,7.3210,5.6330,-1.6880,0.0000,0.0383,+0.0383
Surface-JVASP-895_miller_0_0_1_x1015_thickness_16_VASP_R2SCAN_R2SCAN,I,3.4940,2.5790,-0.9150,0.0000,0.0003,+0.0003
Surface-JVASP-919_miller_1_1_1_x1015_thickness_16_VASP_R2SCAN_R2SCAN,Mg,1.1080,3.4500,2.3420,2.3420,0.0038,-2.3382
Surface-JVASP-934_miller_1_0_0_x1015_thickness_16_VASP_R2SCAN_R2SCAN,Nb,3.4210,10.2620,6.8410,6.8410,0.0006,-6.8404
Surface-JVASP-1029_miller_1_0_1_x1015_thickness_16_VASP_R2SCAN_R2SCAN,Ti,5.8070,6.1740,0.3670,0.3670,0.0003,-0.3667
Surface-JVASP-21195_miller_1_0_0_x1015_thickness_16_VASP_R2SCAN_R2SCAN,Mo,10.5640,15.7610,5.1970,5.1970,0.0032,-5.1938
Surface-JVASP-14837_miller_1_1_0_x1015_thickness_16_VASP_R2SCAN_R2SCAN,V,4.6180,9.4310,4.8130,4.8130,0.0012,-4.8118
Surface-JVASP-107_miller_0_0_1_thickness_16_VASP_PBE_noDP,SiC,10.3490,7.8550,-2.4940,0.0000,0.0100,+0.0100
Surface-JVASP-1180_miller_0_0_1_thickness_16_VASP_PBE_noDP,InN,5.9800,5.9800,0.0000,0.0000,0.0005,+0.0005
Surface-JVASP-1192_miller_1_1_0_thickness_16_VASP_PBE_noDP,CdSe,0.8710,0.4160,-0.4550,0.0000,2.7260,+2.7260
Surface-JVASP-1073_miller_1_1_0_thickness_16_VASP_PBE_noDP,SiGe,5.5940,5.1910,-0.4030,0.0000,1.1622,+1.1622
Surface-JVASP-1183_miller_0_0_1_thickness_16_VASP_PBE_noDP,InP,4.9180,4.5880,-0.3300,0.0000,1.3510,+1.3510
Surface-JVASP-1765_miller_1_1_0_thickness_16_VASP_PBE_noDP,LiMgAs,3.6420,2.1210,-1.5210,0.0000,2.6592,+2.6592
Surface-JVASP-1312_miller_1_1_0_thickness_16_VASP_PBE_noDP,BP,8.7010,7.1860,-1.5150,0.0000,1.5742,+1.5742
Surface-JVASP-108112_miller_1_1_0_thickness_16_VASP_PBE_noDP,KRbMnF6,0.4300,-1.9650,-2.3950,0.0000,0.0014,+0.0014
Surface-JVASP-101477_miller_1_1_0_thickness_16_VASP_PBE_noDP,LiCaSb,4.9750,4.2560,-0.7190,0.0000,1.7877,+1.7877
Surface-JVASP-1957_miller_1_1_0_thickness_16_VASP_PBE_noDP,AgI,3.8340,2.5740,-1.2600,0.0000,3.1338,+3.1338
Surface-JVASP-101229_miller_1_1_0_thickness_16_VASP_PBE_noDP,BaSrMgTeO6,5.3790,3.3740,-2.0050,0.0000,0.0039,+0.0039
Surface-JVASP-1513_miller_1_1_0_thickness_16_VASP_PBE_noDP,TiCoSb,9.2760,8.2050,-1.0710,0.0000,0.3033,+0.3033
Surface-JVASP-39_miller_1_0_0_thickness_16_VASP_PBE_noDP,AlN,10.3060,5.8320,-4.4740,0.0000,4.1089,+4.1089
Surface-JVASP-105410_miller_0_0_1_thickness_16_VASP_PBE,SiGe,5.7140,5.0200,-0.6940,0.0000,0.0163,+0.0163
Surface-JVASP-1435_miller_1_1_0_thickness_16_VASP_PBE_noDP,LiAlSi,5.3690,5.1380,-0.2310,0.0000,0.6436,+0.6436
Surface-JVASP-1687_miller_1_1_0_thickness_16_VASP_PBE_noDP,LiZnP,4.9510,3.4810,-1.4700,0.0000,2.2127,+2.2127
Surface-JVASP-8105_miller_1_1_0_thickness_16_VASP_PBE_noDP,LiAlGe,5.0910,4.9120,-0.1790,0.0000,1.0299,+1.0299
Surface-JVASP-8003_miller_1_1_0_thickness_16_VASP_PBE_noDP,CdS,1.8180,0.8250,-0.9930,0.0000,4.0385,+4.0385
Surface-JVASP-7833_miller_1_1_0_thickness_16_VASP_PBE_noDP,SnTe,3.2140,3.1070,-0.1070,0.0000,1.0569,+1.0569
Surface-JVASP-1091_miller_1_1_0_thickness_16_VASP_PBE_noDP,ZrNiSn,8.8670,8.3810,-0.4860,0.0000,0.0007,+0.0007
Surface-JVASP-78583_miller_1_1_0_thickness_16_VASP_PBE_noDP,NaBeSb,5.7110,4.5160,-1.1950,0.0000,1.4893,+1.4893
Surface-JVASP-78633_miller_1_1_0_thickness_16_VASP_PBE_noDP,YOF,7.0940,1.3340,-5.7600,0.0000,6.7458,+6.7458
Surface-JVASP-1174_miller_1_0_0_thickness_16_VASP_PBE,GaAs,3.4920,3.4070,-0.0850,0.0000,0.1794,+0.1794
Surface-JVASP-36402_miller_1_1_0_thickness_16_VASP_PBE_noDP,RuC,9.0880,8.4270,-0.6610,0.0000,0.0031,+0.0031
Surface-JVASP-36391_miller_1_1_0_thickness_16_VASP_PBE_noDP,ScN,4.8300,2.2540,-2.5760,0.0000,3.0112,+3.0112
Surface-JVASP-35673_miller_1_1_0_thickness_16_VASP_PBE_noDP,Li2MgSi,4.0230,3.8200,-0.2030,0.0000,0.5954,+0.5954
Surface-JVASP-40774_miller_1_1_0_thickness_16_VASP_PBE_noDP,TiSiPd,8.0630,7.2260,-0.8370,0.0000,0.0017,+0.0017
Surface-JVASP-40780_miller_1_1_0_thickness_16_VASP_PBE_noDP,MgScGa,2.9600,2.8110,-0.1490,0.0000,0.6656,+0.6656
Surface-JVASP-40793_miller_1_1_0_thickness_16_VASP_PBE_noDP,ScCoTe,9.0950,8.1930,-0.9020,0.0000,0.6130,+0.6130
Surface-JVASP-40798_miller_1_1_0_thickness_16_VASP_PBE_noDP,LiMgP,4.5060,2.6120,-1.8940,0.0000,2.6074,+2.6074
Surface-JVASP-39508_miller_1_1_0_thickness_16_VASP_PBE_noDP,KYSn,3.3780,2.5820,-0.7960,0.0000,0.5531,+0.5531
Surface-JVASP-266_miller_1_1_0_thickness_16_VASP_PBE_noDP,InP,4.9180,4.5880,-0.3300,0.0000,2.8341,+2.8341
Surface-JVASP-36873_miller_1_1_0_thickness_16_VASP_PBE_noDP,BSb,8.1110,7.1660,-0.9450,0.0000,1.0978,+1.0978
Surface-JVASP-64991_miller_1_1_0_thickness_16_VASP_PBE_noDP,Be2NbRh,6.7570,6.1940,-0.5630,0.0000,0.0033,+0.0033
Surface-JVASP-109827_miller_1_1_0_thickness_16_VASP_PBE_noDP,ScTeRh,8.4760,8.0950,-0.3810,0.0000,0.2189,+0.2189
Surface-JVASP-111073_miller_1_1_0_thickness_16_VASP_PBE_noDP,CuCl,4.1770,3.5920,-0.5850,0.0000,0.8078,+0.8078
Surface-JVASP-116283_miller_1_1_0_thickness_16_VASP_PBE_noDP,LiH,2.6770,-1.8140,-4.4910,0.0000,3.6459,+3.6459
Surface-JVASP-113670_miller_1_1_0_thickness_16_VASP_PBE_noDP,LiZnP,4.9900,3.7730,-1.2170,0.0000,1.9473,+1.9473
Surface-JVASP-120170_miller_1_1_0_thickness_16_VASP_PBE_noDP,ScOF,6.9300,2.3340,-4.5960,0.0000,5.8429,+5.8429
Surface-JVASP-140471_miller_1_1_0_thickness_16_VASP_PBE_noDP,Al5AgS8,6.6000,5.2140,-1.3860,0.0000,2.4720,+2.4720
Surface-JVASP-136599_miller_1_1_0_thickness_16_VASP_PBE_noDP,NbOF,6.4400,5.4790,-0.9610,0.0000,0.0004,+0.0004
Surface-JVASP-133719_miller_1_1_0_thickness_16_VASP_PBE_noDP,BAs,6.9840,5.6880,-1.2960,0.0000,0.4558,+0.4558
Surface-JVASP-148851_miller_1_1_0_thickness_16_VASP_PBE_noDP,ZnSO4,1.4550,-2.8610,-4.3160,0.0000,0.8494,+0.8494
Surface-JVASP-22623_miller_1_0_0_thickness_16_VASP_PBE_noDP,ZnS,1.7940,3.8890,2.0950,2.0950,3.6807,+1.5857
Surface-JVASP-96463_miller_1_0_0_thickness_16_VASP_PBE_noDP,Sr4Cl6O,5.6780,0.8110,-4.8670,0.0000,6.7210,+6.7210
Surface-JVASP-22685_miller_1_0_0_thickness_16_VASP_PBE_noDP,CdTe,1.7760,2.3020,0.5260,0.5260,2.8916,+2.3656
Surface-JVASP-50830_miller_1_0_0_thickness_16_VASP_PBE_noDP,Na6MgO4,2.9450,0.5340,-2.4110,0.0000,4.8616,+4.8616
Surface-JVASP-105566_miller_1_0_0_thickness_16_VASP_PBE_noDP,LiGeN,5.9890,4.5020,-1.4870,0.0000,0.0021,+0.0021
Surface-JVASP-1273_miller_1_0_0_thickness_16_VASP_PBE_noDP,MgTe,4.1650,1.6340,-2.5310,0.0000,4.7001,+4.7001
Surface-JVASP-8186_miller_1_0_0_thickness_16_VASP_PBE_noDP,ZnTe,3.8590,2.7810,-1.0780,0.0000,2.6152,+2.6152
Surface-JVASP-8118_miller_1_0_0_thickness_16_VASP_PBE_noDP,SiC,10.5450,7.9270,-2.6180,0.0000,1.4030,+1.4030
Surface-JVASP-8047_miller_1_0_0_thickness_16_VASP_PBE_noDP,ZnSe,2.4770,1.2220,-1.2550,0.0000,3.7783,+3.7783
Surface-JVASP-1073_miller_1_0_0_thickness_16_VASP_PBE_noDP,SiGe,5.5940,5.1910,-0.4030,0.0000,1.0050,+1.0050
Surface-JVASP-55611_miller_1_0_0_thickness_16_VASP_PBE_noDP,Ba4Cl6O,4.9980,0.4880,-4.5100,0.0000,6.0482,+6.0482
Surface-JVASP-82129_miller_1_0_0_thickness_16_VASP_PBE_noDP,InP,5.0050,4.6300,-0.3750,0.0000,3.1163,+3.1163
Surface-JVASP-35748_miller_1_0_0_thickness_16_VASP_PBE_noDP,AlSb,5.4510,4.3930,-1.0580,0.0000,2.0565,+2.0565
Surface-JVASP-95_miller_1_0_0_thickness_16_VASP_PBE_noDP,CdS,1.8780,0.8230,-1.0550,0.0000,3.9116,+3.9116
Surface-JVASP-33818_miller_1_0_0_thickness_16_VASP_PBE_noDP,BrCl,0.3750,-0.3030,-0.6780,0.0000,2.7589,+2.7589
Surface-JVASP-46672_miller_1_0_0_thickness_16_VASP_PBE_noDP,Mn4OF6,5.5750,4.1450,-1.4300,0.0000,0.0005,+0.0005
Surface-JVASP-45246_miller_1_0_0_thickness_16_VASP_PBE_noDP,Na3Sr3GaP4,3.2870,2.6140,-0.6730,0.0000,1.5707,+1.5707
Surface-JVASP-109806_miller_1_0_0_thickness_16_VASP_PBE_noDP,BaNaN,2.1240,1.7770,-0.3470,0.0000,1.3140,+1.3140
Surface-JVASP-29604_miller_1_0_0_thickness_16_VASP_PBE_noDP,CdI2,1.5870,3.7620,2.1750,2.1750,5.2166,+3.0416
Surface-JVASP-57708_miller_1_0_0_thickness_16_VASP_PBE_noDP,Na6CoSe4,2.2400,1.8120,-0.4280,0.0000,0.0034,+0.0034
Surface-JVASP-59059_miller_1_0_0_thickness_16_VASP_PBE_noDP,Sr4I6O,6.1280,2.0860,-4.0420,0.0000,4.8122,+4.8122
Surface-JVASP-122101_miller_1_0_0_thickness_16_VASP_PBE_noDP,Rb6CdO4,2.1590,0.8040,-1.3550,0.0000,0.0023,+0.0023
Surface-JVASP-139888_miller_1_0_0_thickness_16_VASP_PBE_noDP,Mg2V3O8,3.9170,3.3920,-0.5250,0.0000,0.0024,+0.0024
Surface-JVASP-144564_miller_1_0_0_thickness_16_VASP_PBE_noDP,Na3Ca3AlSb4,4.0020,3.5310,-0.4710,0.0000,1.9962,+1.9962
