jid,sk_bandgap_eV,dft_bandgap_eV,dft_cbm_eV,dft_vbm_eV,offset_eV,final_energy_eV,residual_eV
Interface-JVASP-1174_JVASP-105410_film_miller_0_0_1_sub_miller_0_0_1_film_thickness_16_subs_thickness_16_seperation_2.5_disp_-0.25_-0.25_vasp,0.011028,-0.352200,4.282100,3.929900,0.170528,-94.226292,0.011028
Interface-JVASP-1002_JVASP-1327_film_miller_1_1_0_sub_miller_1_1_0_film_thickness_16_subs_thickness_16_seperation_2.5_disp_0.25_0.45_vasp,1.685972,0.881900,5.258000,6.139900,-0.918297,-191.513124,0.804072
Interface-JVASP-1002_JVASP-39_film_miller_1_0_0_sub_miller_0_0_1_film_thickness_16_subs_thickness_16_seperation_2.5_disp_-0.4_0.5_vasp,0.001271,-1.447200,8.635900,7.188700,-0.577523,-385.246430,0.001271
Interface-JVASP-1002_JVASP-816_film_miller_0_0_1_sub_miller_0_0_1_film_thickness_16_subs_thickness_16_seperation_2.5_disp_-0.1_-0.35_vasp,0.003809,-1.113900,7.444200,6.330300,-0.077782,-169.107831,0.003809
Interface-JVASP-1174_JVASP-1183_film_miller_0_0_1_sub_miller_0_0_1_film_thickness_16_subs_thickness_16_seperation_2.5_disp_-0.25_-0.25_vasp,0.001081,-0.423700,4.427900,4.004200,-1.204506,-76.544078,0.001081
Interface-JVASP-1174_JVASP-1372_film_miller_0_0_1_sub_miller_0_0_1_film_thickness_16_subs_thickness_16_seperation_2.5_disp_-0.25_-0.25_vasp,0.001829,-0.421600,3.979100,3.557500,-0.612499,-108.905505,0.001829
Interface-JVASP-1327_JVASP-105410_film_miller_0_0_1_sub_miller_0_0_1_film_thickness_16_subs_thickness_16_seperation_2.5_disp_-0.25_0.25_vasp,0.011723,-0.312700,5.183000,4.870300,0.367314,-146.097346,0.011723
Interface-JVASP-1327_JVASP-1372_film_miller_1_1_0_sub_miller_1_1_0_film_thickness_16_subs_thickness_16_seperation_2.5_disp_0.3_0.15_vasp,2.867286,1.339800,3.882400,5.222200,0.024380,-166.602177,1.527486
Interface-JVASP-1327_JVASP-8003_film_miller_1_1_0_sub_miller_1_1_0_film_thickness_16_subs_thickness_16_seperation_2.5_disp_0.05_0.4_vasp,3.905032,1.354200,2.556300,3.910500,-0.864203,-108.191732,2.550832
Interface-JVASP-1372_JVASP-1174_film_miller_1_1_0_sub_miller_1_1_0_film_thickness_16_subs_thickness_16_seperation_2.5_disp_-0.05_-0.4_vasp,1.813477,0.617000,3.619700,4.236700,0.483841,-116.368112,1.196477
Interface-JVASP-1372_JVASP-1198_film_miller_1_1_0_sub_miller_1_1_0_film_thickness_16_subs_thickness_16_seperation_2.5_disp_0.0_-0.25_vasp,1.859926,0.721000,3.148500,3.869500,-0.659443,-71.539194,1.138926
Interface-JVASP-1408_JVASP-1186_film_miller_1_1_0_sub_miller_1_1_0_film_thickness_16_subs_thickness_16_seperation_2.5_disp_-0.05_-0.2_vasp,0.048090,0.028500,3.821800,3.850300,-0.048941,-89.906570,0.019590
Interface-JVASP-30_JVASP-1372_film_miller_0_0_1_sub_miller_0_0_1_film_thickness_16_subs_thickness_16_seperation_2.5_disp_-0.2_-0.05_vasp,0.002157,-1.637400,6.969000,5.331600,-1.217114,-242.017935,0.002157
Interface-JVASP-39_JVASP-1372_film_miller_0_0_1_sub_miller_0_0_1_film_thickness_16_subs_thickness_16_seperation_2.5_disp_-0.2_-0.05_vasp,0.000226,-1.460400,7.224700,5.764300,0.659205,-357.821568,0.000226
Interface-JVASP-39_JVASP-8118_film_miller_0_0_1_sub_miller_0_0_1_film_thickness_16_subs_thickness_16_seperation_2.5_disp_0.35_0.35_vasp,1.441719,-0.323100,8.358100,8.035000,0.524612,-198.408802,1.441719
Interface-JVASP-7844_JVASP-8158_film_miller_1_1_0_sub_miller_1_1_0_film_thickness_16_subs_thickness_16_seperation_2.5_disp_-0.25_0.5_vasp,1.437089,1.269000,7.709100,8.978100,1.006984,-388.387969,0.168089
Interface-JVASP-1109_JVASP-1372_film_miller_0_0_1_sub_miller_0_0_1_film_thickness_16_subs_thickness_16_seperation_2.5_disp_0.05_0.3_vasp,0.104410,-0.421200,5.604400,5.183200,0.284820,-139.729409,0.104410
Interface-JVASP-1408_JVASP-1192_film_miller_1_1_0_sub_miller_1_1_0_film_thickness_16_subs_thickness_16_seperation_2.5_disp_-0.3_0.05_vasp,1.260308,0.051900,2.477100,2.529000,-0.926802,-62.114621,1.208408
Interface-JVASP-1408_JVASP-1189_film_miller_1_1_0_sub_miller_1_1_0_film_thickness_16_subs_thickness_16_seperation_2.5_disp_-0.05_-0.35_vasp,1.015790,0.000200,4.654700,4.654900,-0.290157,-78.310230,1.015590
Interface-JVASP-1327_JVASP-1183_film_miller_1_1_0_sub_miller_1_1_0_film_thickness_16_subs_thickness_16_seperation_2.5_disp_0.2_-0.4_vasp,3.200940,0.711500,4.650200,5.361700,-0.518415,-132.756373,2.489440
Interface-JVASP-1002_JVASP-10591_film_miller_0_0_1_sub_miller_0_0_1_film_thickness_16_subs_thickness_16_seperation_2.5_disp_-0.2_0.0_vasp,0.232214,-0.221700,4.927300,4.705600,-0.918899,-230.718648,0.232214
Interface-JVASP-1327_JVASP-36204_film_miller_1_1_0_sub_miller_1_1_0_film_thickness_16_subs_thickness_16_seperation_2.5_disp_0.5_-0.35_vasp,1.481198,0.358800,6.098500,6.457300,1.000865,-493.167256,1.122398
Interface-JVASP-1327_JVASP-8183_film_miller_1_1_0_sub_miller_1_1_0_film_thickness_16_subs_thickness_16_seperation_2.5_disp_-0.45_-0.35_vasp,1.951526,0.760100,4.519900,5.280000,nan,-271.736783,1.191426
Interface-JVASP-1702_JVASP-8183_film_miller_1_1_0_sub_miller_1_1_0_film_thickness_16_subs_thickness_16_seperation_2.5_disp_-0.45_-0.05_vasp,2.476373,1.092800,2.595800,3.688600,nan,-140.729824,1.383573
Interface-JVASP-1312_JVASP-79204_film_miller_1_1_0_sub_miller_1_1_0_film_thickness_16_subs_thickness_16_seperation_2.5_disp_0.3_-0.35_vasp,1.177719,0.165300,5.814500,5.979800,-0.466837,-947.617426,1.012419
Interface-JVASP-1183_JVASP-1198_film_miller_1_1_0_sub_miller_1_1_0_film_thickness_16_subs_thickness_16_seperation_2.5_disp_0.1_0.3_vasp,2.249964,0.360800,3.781000,4.141800,-0.293946,-45.592041,1.889164
Interface-JVASP-1198_JVASP-1192_film_miller_1_1_0_sub_miller_1_1_0_film_thickness_16_subs_thickness_16_seperation_2.5_disp_-0.25_0.0_vasp,2.100672,0.338700,1.798500,2.137200,-0.579323,-4.753398,1.761972
Interface-JVASP-1186_JVASP-1198_film_miller_1_1_0_sub_miller_1_1_0_film_thickness_16_subs_thickness_16_seperation_2.5_disp_0.0_-0.25_vasp,0.783807,0.072300,3.059700,3.132000,-0.192785,-32.067551,0.711507
Interface-JVASP-1408_JVASP-8182_film_miller_1_1_0_sub_miller_1_1_0_film_thickness_16_subs_thickness_16_seperation_2.5_disp_0.45_-0.45_vasp,1.020540,0.241100,4.958900,5.200000,-0.962780,-466.753226,0.779440
Interface-JVASP-1109_JVASP-816_film_miller_0_0_1_sub_miller_0_0_1_film_thickness_16_subs_thickness_16_seperation_2.5_disp_0.0_0.35_vasp,0.000320,-1.885500,7.642500,5.757000,1.162857,-68.293319,0.000320
Interface-JVASP-96_JVASP-1198_film_miller_1_1_0_sub_miller_1_1_0_film_thickness_16_subs_thickness_16_seperation_2.5_disp_0.0_-0.2_vasp,2.563883,0.381600,2.532100,2.913700,-0.131038,-14.273406,2.182283
Interface-JVASP-1198_JVASP-8003_film_miller_1_1_0_sub_miller_1_1_0_film_thickness_16_subs_thickness_16_seperation_2.5_disp_-0.2_0.45_vasp,2.573662,0.229600,2.283500,2.513100,-0.590918,-13.925762,2.344062
Interface-JVASP-39_JVASP-36873_film_miller_0_0_1_sub_miller_0_0_1_film_thickness_16_subs_thickness_16_seperation_2.5_disp_-0.2_-0.05_vasp,0.002006,-1.704600,7.999400,6.294800,2.076146,-390.880421,0.002006
Interface-JVASP-30_JVASP-1180_film_miller_0_0_1_sub_miller_0_0_1_film_thickness_16_subs_thickness_16_seperation_2.5_disp_-0.25_-0.25_vasp,0.014777,-0.658900,6.678700,6.019800,1.662809,-336.053609,0.014777
Interface-JVASP-1186_JVASP-96_film_miller_1_1_0_sub_miller_1_1_0_film_thickness_16_subs_thickness_16_seperation_2.5_disp_0.0_0.2_vasp,1.219042,0.000400,2.882700,2.883100,-0.083225,-44.987294,1.218642
Interface-JVASP-39_JVASP-1183_film_miller_0_0_1_sub_miller_0_0_1_film_thickness_16_subs_thickness_16_seperation_2.5_disp_-0.2_-0.2_vasp,0.172230,-0.024900,7.204200,7.179300,2.451781,-419.427369,0.172230
Interface-JVASP-1408_JVASP-7630_film_miller_1_1_0_sub_miller_1_1_0_film_thickness_16_subs_thickness_16_seperation_2.5_disp_-0.2_0.2_vasp,0.722624,0.104600,4.582500,4.687100,0.873243,-529.489604,0.618024
Interface-JVASP-1002_JVASP-1183_film_miller_0_0_1_sub_miller_0_0_1_film_thickness_16_subs_thickness_16_seperation_2.5_disp_-0.15_-0.3_vasp,0.000796,0.256400,5.069300,5.325700,0.655104,-659.885726,-0.255604
Interface-JVASP-1002_JVASP-30_film_miller_0_0_1_sub_miller_0_0_1_film_thickness_16_subs_thickness_16_seperation_2.5_disp_-0.2_-0.05_vasp,0.000107,-0.760100,7.228600,6.468500,0.265977,-267.386928,0.000107
Interface-JVASP-1312_JVASP-1186_film_miller_1_1_0_sub_miller_1_1_0_film_thickness_16_subs_thickness_16_seperation_2.5_disp_0.15_-0.35_vasp,0.415195,0.017500,4.866400,4.883900,0.644892,-363.955904,0.397695
Interface-JVASP-1312_JVASP-8183_film_miller_1_1_0_sub_miller_1_1_0_film_thickness_16_subs_thickness_16_seperation_2.5_disp_0.0_-0.3_vasp,1.240571,0.172000,5.238900,5.410900,-0.291853,-596.588903,1.068571
Interface-JVASP-1312_JVASP-8184_film_miller_1_1_0_sub_miller_1_1_0_film_thickness_16_subs_thickness_16_seperation_2.5_disp_-0.25_0.3_vasp,1.414989,0.139200,5.339500,5.478700,0.271453,-577.990061,1.275789
Interface-JVASP-30_JVASP-23_film_miller_0_0_1_sub_miller_0_0_1_film_thickness_16_subs_thickness_16_seperation_2.5_disp_-0.15_-0.15_vasp,0.005760,-1.721700,5.809900,4.088200,-1.007733,-218.914199,0.005760
Interface-JVASP-1702_JVASP-37905_film_miller_1_1_0_sub_miller_1_1_0_film_thickness_16_subs_thickness_16_seperation_2.5_disp_-0.1_0.1_vasp,1.070386,0.483300,3.921800,4.405100,1.663292,-419.648706,0.587086
Interface-JVASP-1312_JVASP-105410_film_miller_1_1_0_sub_miller_1_1_0_film_thickness_16_subs_thickness_16_seperation_2.5_disp_0.2_-0.45_vasp,0.124231,0.142300,6.175400,6.317700,0.230219,-623.385251,-0.018069
Interface-JVASP-1327_JVASP-1195_film_miller_1_1_0_sub_miller_1_1_0_film_thickness_16_subs_thickness_16_seperation_2.5_disp_0.5_-0.15_vasp,1.930642,0.387700,3.602300,3.990000,-0.597265,-303.945950,1.542942
Interface-JVASP-1327_JVASP-8169_film_miller_1_1_0_sub_miller_1_1_0_film_thickness_16_subs_thickness_16_seperation_2.5_disp_0.2_-0.4_vasp,2.190699,0.362400,5.361300,5.723700,-0.495124,-520.515793,1.828299
Interface-JVASP-1183_JVASP-1393_film_miller_1_1_0_sub_miller_1_1_0_film_thickness_16_subs_thickness_16_seperation_2.5_disp_-0.15_0.05_vasp,1.406810,0.406600,4.314500,4.721100,0.997527,-91.105930,1.000210
Interface-JVASP-22685_JVASP-35748_film_miller_1_1_0_sub_miller_1_1_0_film_thickness_16_subs_thickness_16_seperation_2.5_disp_0.0_0.2_vasp,2.005415,0.760600,2.896500,3.657100,nan,-33.731172,1.244815
Interface-JVASP-22685_JVASP-7671_film_miller_1_1_0_sub_miller_1_1_0_film_thickness_16_subs_thickness_16_seperation_2.5_disp_0.0_-0.15_vasp,1.718055,0.340400,1.205200,1.545600,nan,0.872729,1.377655
Interface-JVASP-1192_JVASP-7630_film_miller_1_1_0_sub_miller_1_1_0_film_thickness_16_subs_thickness_16_seperation_2.5_disp_0.15_-0.35_vasp,0.878889,0.395000,3.326500,3.721500,0.610678,-429.856787,0.483889
Interface-JVASP-1312_JVASP-22685_film_miller_1_1_0_sub_miller_1_1_0_film_thickness_16_subs_thickness_16_seperation_2.5_disp_-0.25_0.4_vasp,0.993532,-0.036700,5.527300,5.490600,-1.180028,-328.328463,0.993532
Interface-JVASP-1312_JVASP-8169_film_miller_1_1_0_sub_miller_1_1_0_film_thickness_16_subs_thickness_16_seperation_2.5_disp_0.25_0.45_vasp,2.480170,0.406500,6.475400,6.881900,-1.705148,-284.359702,2.073670
Interface-JVASP-1327_JVASP-8158_film_miller_1_1_0_sub_miller_1_1_0_film_thickness_16_subs_thickness_16_seperation_2.5_disp_0.05_-0.35_vasp,3.386787,1.282500,6.509100,7.791600,0.376977,-776.003517,2.104287
Interface-JVASP-8182_JVASP-8184_film_miller_1_1_0_sub_miller_1_1_0_film_thickness_16_subs_thickness_16_seperation_2.5_disp_0.5_0.2_vasp,2.627268,1.710100,4.445600,6.155700,nan,-119.438002,0.917168
Interface-JVASP-8183_JVASP-8184_film_miller_1_1_0_sub_miller_1_1_0_film_thickness_16_subs_thickness_16_seperation_2.5_disp_-0.25_0.2_vasp,1.960793,1.365100,3.836600,5.201700,nan,-92.865177,0.595693
Interface-JVASP-8185_JVASP-36119_film_miller_1_1_0_sub_miller_1_1_0_film_thickness_16_subs_thickness_16_seperation_2.5_disp_0.0_0.35_vasp,0.687656,0.029500,3.680200,3.709700,nan,-47.684455,0.658156
Interface-JVASP-8186_JVASP-17700_film_miller_1_1_0_sub_miller_1_1_0_film_thickness_16_subs_thickness_16_seperation_2.5_disp_-0.45_0.0_vasp,0.000998,-0.181300,4.896400,4.715100,-0.768461,-279.996375,0.000998
Interface-JVASP-8186_JVASP-36119_film_miller_1_1_0_sub_miller_1_1_0_film_thickness_16_subs_thickness_16_seperation_2.5_disp_0.0_-0.4_vasp,0.716624,0.357300,3.356900,3.714200,nan,-20.547906,0.359324
Interface-JVASP-8186_JVASP-7671_film_miller_1_1_0_sub_miller_1_1_0_film_thickness_16_subs_thickness_16_seperation_2.5_disp_0.0_-0.4_vasp,2.141085,0.521200,1.529800,2.051000,nan,-3.636054,1.619885
Interface-JVASP-96_JVASP-7671_film_miller_1_1_0_sub_miller_1_1_0_film_thickness_16_subs_thickness_16_seperation_2.5_disp_0.15_0.45_vasp,1.825717,0.485900,0.870700,1.356600,-0.587384,-27.482393,1.339817
Interface-JVASP-96_JVASP-85122_film_miller_1_1_0_sub_miller_1_1_0_film_thickness_16_subs_thickness_16_seperation_2.5_disp_-0.4_-0.25_vasp,2.440958,0.534100,2.417200,2.951300,nan,-74.999114,1.906858
Interface-JVASP-890_JVASP-1186_film_miller_1_1_0_sub_miller_1_1_0_film_thickness_16_subs_thickness_16_seperation_2.5_disp_0.5_-0.25_vasp,0.007275,-0.723600,4.081300,3.357700,-0.999473,-52.957470,0.007275
Interface-JVASP-1192_JVASP-107_film_miller_1_1_0_sub_miller_1_1_0_film_thickness_16_subs_thickness_16_seperation_2.5_disp_-0.45_-0.45_vasp,1.697789,0.161800,4.017000,4.178800,-0.508315,-586.749399,1.535989
Interface-JVASP-1192_JVASP-37905_film_miller_1_1_0_sub_miller_1_1_0_film_thickness_16_subs_thickness_16_seperation_2.5_disp_-0.05_-0.35_vasp,1.216247,0.320600,2.845700,3.166300,1.341450,-268.205775,0.895647
Interface-JVASP-1408_JVASP-95_film_miller_1_1_0_sub_miller_1_1_0_film_thickness_16_subs_thickness_16_seperation_2.5_disp_-0.25_0.4_vasp,1.797884,0.328700,3.479100,3.807800,nan,-126.964620,1.469184
Interface-JVASP-1312_JVASP-96_film_miller_1_1_0_sub_miller_1_1_0_film_thickness_16_subs_thickness_16_seperation_2.5_disp_0.1_0.0_vasp,1.216831,0.518600,3.951300,4.469900,-0.897892,-526.199071,0.698231
Interface-JVASP-107_JVASP-35748_film_miller_1_1_0_sub_miller_1_1_0_film_thickness_16_subs_thickness_16_seperation_2.5_disp_-0.05_0.45_vasp,0.000435,-0.107800,6.654800,6.547000,nan,-657.091805,0.000435
Interface-JVASP-1183_JVASP-8182_film_miller_1_1_0_sub_miller_1_1_0_film_thickness_16_subs_thickness_16_seperation_2.5_disp_0.35_-0.45_vasp,1.936710,0.157800,4.901300,5.059100,-1.094123,-424.848990,1.778910
Interface-JVASP-1186_JVASP-7671_film_miller_1_1_0_sub_miller_1_1_0_film_thickness_16_subs_thickness_16_seperation_2.5_disp_-0.45_0.25_vasp,0.965814,0.000400,2.770700,2.771100,nan,-65.935739,0.965414
Interface-JVASP-1073_JVASP-85122_film_miller_1_1_0_sub_miller_1_1_0_film_thickness_16_subs_thickness_16_seperation_2.5_disp_-0.25_0.1_vasp,1.130257,0.561100,4.704700,5.265800,nan,-78.772998,0.569157
Interface-JVASP-1195_JVASP-36123_film_miller_1_1_0_sub_miller_1_1_0_film_thickness_16_subs_thickness_16_seperation_2.5_disp_-0.2_0.2_vasp,0.856811,0.171700,3.384600,3.556300,nan,-91.822636,0.685111
Interface-JVASP-1195_JVASP-8003_film_miller_1_1_0_sub_miller_1_1_0_film_thickness_16_subs_thickness_16_seperation_2.5_disp_0.1_0.0_vasp,2.212587,0.407500,1.119800,1.527300,-0.482545,-149.277387,1.805087
Interface-JVASP-35711_JVASP-36123_film_miller_1_1_0_sub_miller_1_1_0_film_thickness_16_subs_thickness_16_seperation_2.5_disp_0.0_0.4_vasp,0.000989,0.009100,4.441800,4.450900,nan,-27.784918,-0.008111
Interface-JVASP-35748_JVASP-36119_film_miller_1_1_0_sub_miller_1_1_0_film_thickness_16_subs_thickness_16_seperation_2.5_disp_0.0_-0.2_vasp,0.207042,0.181800,4.162800,4.344600,nan,-62.136159,0.025242
Interface-JVASP-36119_JVASP-36123_film_miller_1_1_0_sub_miller_1_1_0_film_thickness_16_subs_thickness_16_seperation_2.5_disp_0.0_-0.1_vasp,0.090843,0.110800,4.142600,4.253400,nan,-34.267006,-0.019957
Interface-JVASP-36204_JVASP-35711_film_miller_1_1_0_sub_miller_1_1_0_film_thickness_16_subs_thickness_16_seperation_2.5_disp_-0.35_0.05_vasp,0.040809,-0.105300,5.374000,5.268700,nan,-219.106673,0.040809
Interface-JVASP-36204_JVASP-39_film_miller_1_1_0_sub_miller_1_1_0_film_thickness_16_subs_thickness_16_seperation_2.5_disp_0.25_-0.35_vasp,1.892498,1.726000,7.637200,9.363200,-2.001784,-248.770687,0.166498
Interface-JVASP-37905_JVASP-17700_film_miller_1_1_0_sub_miller_1_1_0_film_thickness_16_subs_thickness_16_seperation_2.5_disp_-0.2_0.45_vasp,0.001526,0.326500,5.988100,6.314600,-2.080046,-362.466998,-0.324974
Interface-JVASP-7630_JVASP-17700_film_miller_1_1_0_sub_miller_1_1_0_film_thickness_16_subs_thickness_16_seperation_2.5_disp_0.0_0.0_vasp,0.001360,-0.030300,5.613000,5.582700,-0.978057,-236.648833,0.001360
Interface-JVASP-7671_JVASP-36119_film_miller_1_1_0_sub_miller_1_1_0_film_thickness_16_subs_thickness_16_seperation_2.5_disp_0.0_-0.1_vasp,1.068345,0.007200,2.239000,2.246200,nan,-26.807887,1.061145
Interface-JVASP-7844_JVASP-7836_film_miller_1_1_0_sub_miller_1_1_0_film_thickness_16_subs_thickness_16_seperation_2.5_disp_0.35_-0.25_vasp,2.427178,1.589700,7.133300,8.723000,0.209336,-1297.334801,0.837478
Interface-JVASP-8047_JVASP-37905_film_miller_1_1_0_sub_miller_1_1_0_film_thickness_16_subs_thickness_16_seperation_2.5_disp_-0.45_0.05_vasp,1.308443,1.070300,1.939000,3.009300,nan,-456.958716,0.238143
Interface-JVASP-8183_JVASP-1393_film_miller_1_1_0_sub_miller_1_1_0_film_thickness_16_subs_thickness_16_seperation_2.5_disp_0.4_-0.15_vasp,1.308865,0.392700,3.986300,4.379000,nan,-188.000451,0.916165
Interface-JVASP-8184_JVASP-7923_film_miller_1_1_0_sub_miller_1_1_0_film_thickness_16_subs_thickness_16_seperation_2.5_disp_0.2_-0.25_vasp,2.047667,0.393600,2.324500,2.718100,-0.937333,-274.261745,1.654067
Interface-JVASP-95_JVASP-36873_film_miller_1_1_0_sub_miller_1_1_0_film_thickness_16_subs_thickness_16_seperation_2.5_disp_-0.35_0.1_vasp,0.999551,0.084600,4.794900,4.879500,1.882156,-242.461174,0.914951
Interface-JVASP-1002_JVASP-1372_film_miller_1_1_0_sub_miller_1_1_0_film_thickness_16_subs_thickness_16_seperation_2.5_disp_-0.45_-0.15_vasp,1.871230,0.899300,4.626700,5.526000,-0.893916,-176.454180,0.971930
Interface-JVASP-1192_JVASP-30_film_miller_1_1_0_sub_miller_1_1_0_film_thickness_16_subs_thickness_16_seperation_2.5_disp_-0.25_-0.35_vasp,1.919909,0.101900,2.224500,2.326400,-0.131514,-284.573419,1.818009
Interface-JVASP-1192_JVASP-1312_film_miller_1_1_0_sub_miller_1_1_0_film_thickness_16_subs_thickness_16_seperation_2.5_disp_-0.15_-0.4_vasp,1.530571,0.121500,3.834200,3.955700,0.347513,-340.126897,1.409071
Interface-JVASP-1702_JVASP-1186_film_miller_1_1_0_sub_miller_1_1_0_film_thickness_16_subs_thickness_16_seperation_2.5_disp_0.3_0.45_vasp,0.727669,0.103400,2.646000,2.749400,1.477712,-132.438219,0.624269
Interface-JVASP-1702_JVASP-7836_film_miller_1_1_0_sub_miller_1_1_0_film_thickness_16_subs_thickness_16_seperation_2.5_disp_0.15_-0.2_vasp,3.488650,2.159100,4.839500,6.998600,-0.388060,-631.538525,1.329550
Interface-JVASP-1702_JVASP-8158_film_miller_1_1_0_sub_miller_1_1_0_film_thickness_16_subs_thickness_16_seperation_2.5_disp_-0.45_-0.35_vasp,2.316017,0.676500,5.588400,6.264900,0.719190,-634.108349,1.639517
Interface-JVASP-1189_JVASP-7630_film_miller_1_1_0_sub_miller_1_1_0_film_thickness_16_subs_thickness_16_seperation_2.5_disp_-0.05_-0.35_vasp,0.405064,0.039200,4.574100,4.613300,-0.326245,-300.926302,0.365864
Interface-JVASP-1312_JVASP-1183_film_miller_1_1_0_sub_miller_1_1_0_film_thickness_16_subs_thickness_16_seperation_2.5_disp_0.35_-0.15_vasp,1.275188,0.122600,5.433700,5.556300,0.075309,-378.628259,1.152588
Interface-JVASP-1327_JVASP-8182_film_miller_1_1_0_sub_miller_1_1_0_film_thickness_16_subs_thickness_16_seperation_2.5_disp_-0.05_0.0_vasp,3.337752,0.985700,4.734900,5.720600,0.277739,-321.431331,2.352052
Interface-JVASP-1186_JVASP-7844_film_miller_1_1_0_sub_miller_1_1_0_film_thickness_16_subs_thickness_16_seperation_2.5_disp_0.45_0.5_vasp,0.570905,0.256200,4.967100,5.223300,-2.488975,-416.562782,0.314705
Interface-JVASP-22685_JVASP-36204_film_miller_1_1_0_sub_miller_1_1_0_film_thickness_16_subs_thickness_16_seperation_2.5_disp_0.3_-0.05_vasp,0.706395,0.417100,4.343600,4.760700,nan,-199.578159,0.289295
Interface-JVASP-7671_JVASP-39_film_miller_1_1_0_sub_miller_1_1_0_film_thickness_16_subs_thickness_16_seperation_2.5_disp_-0.4_0.45_vasp,2.384247,1.002200,3.247800,4.250000,nan,-287.656430,1.382047
Interface-JVASP-7836_JVASP-79204_film_miller_1_1_0_sub_miller_1_1_0_film_thickness_16_subs_thickness_16_seperation_2.5_disp_0.4_0.5_vasp,2.673302,2.809000,5.455500,8.264500,0.447800,-1010.192290,-0.135698
Interface-JVASP-7923_JVASP-8169_film_miller_1_1_0_sub_miller_1_1_0_film_thickness_16_subs_thickness_16_seperation_2.5_disp_0.0_0.25_vasp,2.800744,0.618300,3.256700,3.875000,0.318390,-181.307298,2.182444
Interface-JVASP-8003_JVASP-36204_film_miller_1_1_0_sub_miller_1_1_0_film_thickness_16_subs_thickness_16_seperation_2.5_disp_0.4_0.5_vasp,0.804115,0.355500,3.852400,4.207900,1.413467,-337.049917,0.448615
Interface-JVASP-8047_JVASP-85122_film_miller_1_1_0_sub_miller_1_1_0_film_thickness_16_subs_thickness_16_seperation_2.5_disp_0.0_-0.35_vasp,1.699134,0.167500,3.267700,3.435200,nan,-36.183060,1.531634
Interface-JVASP-8158_JVASP-36873_film_miller_1_1_0_sub_miller_1_1_0_film_thickness_16_subs_thickness_16_seperation_2.5_disp_0.5_-0.2_vasp,1.258423,0.491900,7.589300,8.081200,1.603466,-819.822994,0.766523
Interface-JVASP-8169_JVASP-36204_film_miller_1_1_0_sub_miller_1_1_0_film_thickness_16_subs_thickness_16_seperation_2.5_disp_0.1_0.5_vasp,2.437249,0.913900,6.334900,7.248800,1.835674,-431.588880,1.523349
Interface-JVASP-8182_JVASP-1073_film_miller_1_1_0_sub_miller_1_1_0_film_thickness_16_subs_thickness_16_seperation_2.5_disp_0.5_0.2_vasp,2.080823,0.899100,5.053900,5.953000,nan,-126.732202,1.181723
Interface-JVASP-8186_JVASP-36204_film_miller_1_1_0_sub_miller_1_1_0_film_thickness_16_subs_thickness_16_seperation_2.5_disp_-0.15_-0.05_vasp,1.598584,0.573900,4.702500,5.276400,nan,-203.347347,1.024684
Interface-JVASP-85122_JVASP-95_film_miller_1_1_0_sub_miller_1_1_0_film_thickness_16_subs_thickness_16_seperation_2.5_disp_0.0_0.0_vasp,2.978154,0.499600,2.897700,3.397300,nan,-40.509974,2.478554
Interface-JVASP-1002_JVASP-105410_film_miller_0_0_1_sub_miller_0_0_1_film_thickness_16_subs_thickness_16_seperation_2.5_disp_-0.25_0.25_vasp,0.005440,-0.475600,5.477500,5.001900,-0.159267,-155.446892,0.005440
Interface-JVASP-1002_JVASP-1372_film_miller_0_0_1_sub_miller_0_0_1_film_thickness_16_subs_thickness_16_seperation_2.5_disp_-0.25_0.25_vasp,0.001815,-0.450300,5.160900,4.710600,-0.916866,-168.551212,0.001815
Interface-JVASP-1002_JVASP-8003_film_miller_0_0_1_sub_miller_0_0_1_film_thickness_16_subs_thickness_16_seperation_2.5_disp_-0.25_0.25_vasp,0.028549,-0.117000,3.614900,3.497900,-1.059186,-109.640611,0.028549
Interface-JVASP-1002_JVASP-8184_film_miller_1_1_0_sub_miller_1_1_0_film_thickness_16_subs_thickness_16_seperation_2.5_disp_-0.15_0.05_vasp,0.239022,0.202000,5.299000,5.501000,-0.129469,-271.108282,0.037022
Interface-JVASP-1174_JVASP-1186_film_miller_0_0_1_sub_miller_0_0_1_film_thickness_16_subs_thickness_16_seperation_2.5_disp_-0.25_-0.25_vasp,0.003422,-0.525200,3.983300,3.458100,0.771463,-65.369669,0.003422
Interface-JVASP-1174_JVASP-36873_film_miller_0_0_1_sub_miller_0_0_1_film_thickness_16_subs_thickness_16_seperation_2.5_disp_-0.25_-0.25_vasp,0.004227,-0.434500,5.605400,5.170900,0.873537,-145.929327,0.004227
Interface-JVASP-1327_JVASP-1174_film_miller_0_0_1_sub_miller_0_0_1_film_thickness_16_subs_thickness_16_seperation_2.5_disp_-0.25_0.25_vasp,0.001069,-0.478600,4.483100,4.004500,0.659699,-123.293591,0.001069
Interface-JVASP-1327_JVASP-36408_film_miller_0_0_1_sub_miller_0_0_1_film_thickness_16_subs_thickness_16_seperation_2.5_disp_-0.25_0.25_vasp,0.000905,-0.484000,6.775800,6.291800,1.736700,-197.193988,0.000905
Interface-JVASP-1327_JVASP-96_film_miller_0_0_1_sub_miller_0_0_1_film_thickness_16_subs_thickness_16_seperation_2.5_disp_-0.25_0.25_vasp,1.511096,-0.435100,3.564100,3.129000,0.211441,-100.098811,1.511096
Interface-JVASP-1372_JVASP-1183_film_miller_1_1_0_sub_miller_1_1_0_film_thickness_16_subs_thickness_16_seperation_2.5_disp_-0.1_0.2_vasp,2.282821,0.812500,4.229100,5.041600,-0.281944,-123.252943,1.470321
Interface-JVASP-1372_JVASP-96_film_miller_1_1_0_sub_miller_1_1_0_film_thickness_16_subs_thickness_16_seperation_2.5_disp_-0.05_0.2_vasp,2.352732,1.103200,2.539000,3.642200,-0.383451,-92.571966,1.249532
Interface-JVASP-1408_JVASP-1198_film_miller_1_1_0_sub_miller_1_1_0_film_thickness_16_subs_thickness_16_seperation_2.5_disp_-0.05_0.3_vasp,1.522206,0.881200,3.707900,4.589100,-0.245094,-59.186698,0.641006
Interface-JVASP-30_JVASP-39_film_miller_1_0_0_sub_miller_0_0_1_film_thickness_16_subs_thickness_16_seperation_2.5_disp_0.0_0.05_vasp,1.460166,-0.145300,6.609100,6.463800,-1.504405,-267.729944,1.460166
Interface-JVASP-39_JVASP-30_film_miller_0_0_1_sub_miller_0_0_1_film_thickness_16_subs_thickness_16_seperation_2.5_disp_0.35_0.35_vasp,0.283605,-0.273400,6.306100,6.032700,0.349718,-154.470620,0.283605
Interface-JVASP-1195_JVASP-30_film_miller_1_1_0_sub_miller_1_1_0_film_thickness_16_subs_thickness_16_seperation_2.5_disp_0.5_0.25_vasp,3.761376,1.029100,2.885000,3.914100,nan,-117.641348,2.732276
Interface-JVASP-105410_JVASP-1393_film_miller_1_1_0_sub_miller_1_1_0_film_thickness_16_subs_thickness_16_seperation_2.5_disp_0.1_0.35_vasp,1.325409,0.832500,4.932600,5.765100,-0.388179,-113.468625,0.492909
Interface-JVASP-1183_JVASP-96_film_miller_1_1_0_sub_miller_1_1_0_film_thickness_16_subs_thickness_16_seperation_2.5_disp_0.05_0.25_vasp,2.474270,0.178400,3.380700,3.559100,-0.125318,-54.246823,2.295870
Interface-JVASP-1408_JVASP-8003_film_miller_1_1_0_sub_miller_1_1_0_film_thickness_16_subs_thickness_16_seperation_2.5_disp_-0.25_0.0_vasp,2.044430,0.039300,3.050800,3.090100,-0.940137,-71.480907,2.005130
Interface-JVASP-1174_JVASP-1183_film_miller_1_1_0_sub_miller_1_1_0_film_thickness_16_subs_thickness_16_seperation_2.5_disp_-0.05_-0.15_vasp,1.667268,0.116100,4.037000,4.153100,-0.724881,-83.462862,1.551168
Interface-JVASP-1372_JVASP-8184_film_miller_1_1_0_sub_miller_1_1_0_film_thickness_16_subs_thickness_16_seperation_2.5_disp_-0.15_0.5_vasp,0.726938,0.121000,4.109500,4.230500,0.676942,-223.572879,0.605938
Interface-JVASP-1183_JVASP-8003_film_miller_1_1_0_sub_miller_1_1_0_film_thickness_16_subs_thickness_16_seperation_2.5_disp_-0.1_0.0_vasp,2.912813,0.346500,2.676800,3.023300,-0.677995,-58.097237,2.566313
Interface-JVASP-1327_JVASP-37905_film_miller_1_1_0_sub_miller_1_1_0_film_thickness_16_subs_thickness_16_seperation_2.5_disp_0.5_0.15_vasp,1.007197,0.551200,4.388400,4.939600,0.530062,-433.870102,0.455997
Interface-JVASP-1327_JVASP-85122_film_miller_1_1_0_sub_miller_1_1_0_film_thickness_16_subs_thickness_16_seperation_2.5_disp_0.3_-0.35_vasp,1.984052,0.166700,4.781300,4.948000,0.017275,-229.601662,1.817352
Interface-JVASP-1702_JVASP-95_film_miller_1_1_0_sub_miller_1_1_0_film_thickness_16_subs_thickness_16_seperation_2.5_disp_-0.35_-0.45_vasp,2.366933,0.679900,1.535900,2.215800,-0.630561,-63.120421,1.687033
Interface-JVASP-1002_JVASP-107_film_miller_0_0_1_sub_miller_0_0_1_film_thickness_16_subs_thickness_16_seperation_2.5_disp_-0.45_0.05_vasp,0.003504,-0.854700,8.682700,7.828000,1.057855,-386.887789,0.003504
Interface-JVASP-1192_JVASP-23_film_miller_1_1_0_sub_miller_1_1_0_film_thickness_16_subs_thickness_16_seperation_2.5_disp_0.25_-0.15_vasp,1.424278,0.159800,1.568200,1.728000,-0.004051,1.840137,1.264478
Interface-JVASP-1198_JVASP-23_film_miller_1_1_0_sub_miller_1_1_0_film_thickness_16_subs_thickness_16_seperation_2.5_disp_-0.05_0.15_vasp,1.490017,0.515700,2.377400,2.893100,-0.549078,5.712236,0.974317
Interface-JVASP-30_JVASP-1195_film_miller_0_0_1_sub_miller_0_0_1_film_thickness_16_subs_thickness_16_seperation_2.5_disp_0.35_0.3_vasp,0.001788,-0.174100,3.649700,3.475600,-0.892986,-88.319994,0.001788
Interface-JVASP-30_JVASP-8184_film_miller_0_0_1_sub_miller_0_0_1_film_thickness_16_subs_thickness_16_seperation_2.5_disp_-0.25_-0.25_vasp,0.004067,-0.292300,5.691400,5.399100,0.226312,-303.876773,0.004067
Interface-JVASP-1327_JVASP-8184_film_miller_1_1_0_sub_miller_1_1_0_film_thickness_16_subs_thickness_16_seperation_2.5_disp_-0.1_0.3_vasp,1.616044,0.607300,4.441600,5.048900,0.636182,-253.237997,1.008744
Interface-JVASP-1174_JVASP-1186_film_miller_1_1_0_sub_miller_1_1_0_film_thickness_16_subs_thickness_16_seperation_2.5_disp_0.0_-0.1_vasp,0.638590,-0.001700,3.471300,3.469600,-0.838105,-68.343715,0.638590
Interface-JVASP-1186_JVASP-23_film_miller_1_1_0_sub_miller_1_1_0_film_thickness_16_subs_thickness_16_seperation_2.5_disp_0.0_-0.35_vasp,0.280587,0.122400,2.833500,2.955900,-0.904261,-25.363409,0.158187
Interface-JVASP-96_JVASP-1192_film_miller_1_1_0_sub_miller_1_1_0_film_thickness_16_subs_thickness_16_seperation_2.5_disp_-0.25_-0.45_vasp,2.424570,0.590800,0.892600,1.483400,-0.584902,-17.812260,1.833770
Interface-JVASP-8184_JVASP-96_film_miller_1_1_0_sub_miller_1_1_0_film_thickness_16_subs_thickness_16_seperation_2.5_disp_0.15_0.5_vasp,1.224607,0.531400,2.510800,3.042200,-0.588323,-97.483066,0.693207
Interface-JVASP-1327_JVASP-8118_film_miller_0_0_1_sub_miller_0_0_1_film_thickness_16_subs_thickness_16_seperation_2.5_disp_0.5_-0.4_vasp,0.006067,-1.437300,8.179700,6.742400,1.141803,-375.115822,0.006067
Interface-JVASP-39_JVASP-36408_film_miller_0_0_1_sub_miller_0_0_1_film_thickness_16_subs_thickness_16_seperation_2.5_disp_-0.2_-0.05_vasp,0.000139,-1.155800,8.573800,7.418000,1.175780,-377.863289,0.000139
Interface-JVASP-1408_JVASP-7844_film_miller_1_1_0_sub_miller_1_1_0_film_thickness_16_subs_thickness_16_seperation_2.5_disp_0.45_-0.45_vasp,1.313096,0.564100,5.846500,6.410600,-2.549866,-442.077863,0.748996
Interface-JVASP-1408_JVASP-96_film_miller_1_1_0_sub_miller_1_1_0_film_thickness_16_subs_thickness_16_seperation_2.5_disp_0.3_-0.05_vasp,1.588591,0.816100,2.663500,3.479600,-1.204076,-214.060514,0.772491
Interface-JVASP-96_JVASP-23_film_miller_1_1_0_sub_miller_1_1_0_film_thickness_16_subs_thickness_16_seperation_2.5_disp_-0.4_-0.35_vasp,2.290654,0.530100,1.260200,1.790300,0.474464,-20.820291,1.760554
Interface-JVASP-1189_JVASP-23_film_miller_1_1_0_sub_miller_1_1_0_film_thickness_16_subs_thickness_16_seperation_2.5_disp_0.0_-0.2_vasp,1.039744,0.000000,3.282500,3.282500,-0.516431,-14.355964,1.039744
Interface-JVASP-1192_JVASP-8182_film_miller_1_1_0_sub_miller_1_1_0_film_thickness_16_subs_thickness_16_seperation_2.5_disp_0.15_0.05_vasp,1.416476,0.071800,2.485900,2.557700,-0.021498,-309.694731,1.344676
Interface-JVASP-1702_JVASP-17700_film_miller_1_1_0_sub_miller_1_1_0_film_thickness_16_subs_thickness_16_seperation_2.5_disp_0.05_-0.35_vasp,0.003095,0.105700,4.194400,4.300100,0.802822,-123.948969,-0.102605
Interface-JVASP-1408_JVASP-35711_film_miller_1_1_0_sub_miller_1_1_0_film_thickness_16_subs_thickness_16_seperation_2.5_disp_0.25_-0.1_vasp,0.042762,0.169500,4.288100,4.457600,nan,-134.832948,-0.126738
Interface-JVASP-1702_JVASP-7630_film_miller_1_1_0_sub_miller_1_1_0_film_thickness_16_subs_thickness_16_seperation_2.5_disp_-0.35_-0.15_vasp,0.749248,0.424200,3.213000,3.637200,0.983700,-627.911566,0.325048
Interface-JVASP-1312_JVASP-7836_film_miller_1_1_0_sub_miller_1_1_0_film_thickness_16_subs_thickness_16_seperation_2.5_disp_-0.45_0.45_vasp,1.394326,0.495200,6.361500,6.856700,-0.905705,-1242.084628,0.899126
Interface-JVASP-1327_JVASP-22685_film_miller_1_1_0_sub_miller_1_1_0_film_thickness_16_subs_thickness_16_seperation_2.5_disp_0.3_-0.25_vasp,2.103423,0.608400,3.474500,4.082900,0.280216,-253.957458,1.495023
Interface-JVASP-105410_JVASP-8003_film_miller_1_1_0_sub_miller_1_1_0_film_thickness_16_subs_thickness_16_seperation_2.5_disp_0.1_0.3_vasp,1.320848,0.284000,3.376100,3.660100,-1.777109,-77.062065,1.036848
Interface-JVASP-1183_JVASP-7844_film_miller_1_1_0_sub_miller_1_1_0_film_thickness_16_subs_thickness_16_seperation_2.5_disp_-0.3_0.3_vasp,2.056313,0.581800,5.171200,5.753000,-2.573605,-427.708906,1.474513
Interface-JVASP-22685_JVASP-36119_film_miller_1_1_0_sub_miller_1_1_0_film_thickness_16_subs_thickness_16_seperation_2.5_disp_0.0_-0.15_vasp,0.634189,0.098500,2.866100,2.964600,nan,-16.171798,0.535689
Interface-JVASP-22685_JVASP-8186_film_miller_1_1_0_sub_miller_1_1_0_film_thickness_16_subs_thickness_16_seperation_2.5_disp_0.0_0.35_vasp,1.670754,0.701600,2.263100,2.964700,nan,3.887666,0.969154
Interface-JVASP-1192_JVASP-8047_film_miller_1_1_0_sub_miller_1_1_0_film_thickness_16_subs_thickness_16_seperation_2.5_disp_-0.3_-0.3_vasp,1.548674,0.109500,1.028000,1.137500,-0.400257,-43.145318,1.439174
Interface-JVASP-1312_JVASP-36204_film_miller_1_1_0_sub_miller_1_1_0_film_thickness_16_subs_thickness_16_seperation_2.5_disp_-0.45_0.2_vasp,1.449310,0.364500,6.411100,6.775600,0.419539,-531.586362,1.084810
Interface-JVASP-1312_JVASP-8182_film_miller_1_1_0_sub_miller_1_1_0_film_thickness_16_subs_thickness_16_seperation_2.5_disp_-0.25_-0.3_vasp,1.369026,0.593000,6.096100,6.689100,-0.717984,-649.726960,0.776026
Interface-JVASP-1327_JVASP-95_film_miller_1_1_0_sub_miller_1_1_0_film_thickness_16_subs_thickness_16_seperation_2.5_disp_0.3_-0.35_vasp,1.845620,0.465600,3.246500,3.712100,-0.613098,-193.270342,1.380020
Interface-JVASP-8182_JVASP-95_film_miller_1_1_0_sub_miller_1_1_0_film_thickness_16_subs_thickness_16_seperation_2.5_disp_-0.25_0.2_vasp,4.147164,1.464000,2.738200,4.202200,nan,-86.549054,2.683164
Interface-JVASP-8183_JVASP-8186_film_miller_1_1_0_sub_miller_1_1_0_film_thickness_16_subs_thickness_16_seperation_2.5_disp_0.0_0.1_vasp,1.998162,1.249200,3.281800,4.531000,nan,-51.328319,0.748962
Interface-JVASP-8185_JVASP-8047_film_miller_1_1_0_sub_miller_1_1_0_film_thickness_16_subs_thickness_16_seperation_2.5_disp_0.0_-0.4_vasp,2.261652,0.403500,2.478200,2.881700,nan,-34.659133,1.858152
Interface-JVASP-8186_JVASP-30_film_miller_1_1_0_sub_miller_1_1_0_film_thickness_16_subs_thickness_16_seperation_2.5_disp_-0.15_-0.05_vasp,2.772741,0.889100,3.294500,4.183600,nan,-137.256939,1.883641
Interface-JVASP-8186_JVASP-36123_film_miller_1_1_0_sub_miller_1_1_0_film_thickness_16_subs_thickness_16_seperation_2.5_disp_0.0_0.4_vasp,1.291207,-0.007600,3.806300,3.798700,nan,-12.986401,1.291207
Interface-JVASP-8186_JVASP-8047_film_miller_1_1_0_sub_miller_1_1_0_film_thickness_16_subs_thickness_16_seperation_2.5_disp_0.0_-0.35_vasp,2.665155,0.771600,2.102400,2.874000,nan,-8.388124,1.893555
Interface-JVASP-96_JVASP-7923_film_miller_1_1_0_sub_miller_1_1_0_film_thickness_16_subs_thickness_16_seperation_2.5_disp_0.5_-0.2_vasp,2.029988,0.432000,1.054700,1.486700,-0.524025,-221.858034,1.597988
Interface-JVASP-1002_JVASP-1192_film_miller_1_1_0_sub_miller_1_1_0_film_thickness_16_subs_thickness_16_seperation_2.5_disp_-0.2_0.4_vasp,0.601810,0.082200,3.158100,3.240300,-0.703274,-400.131825,0.519610
Interface-JVASP-890_JVASP-1198_film_miller_0_0_1_sub_miller_0_0_1_film_thickness_16_subs_thickness_16_seperation_2.5_disp_-0.25_0.25_vasp,0.001112,-0.369700,3.771600,3.401900,-1.177363,-19.622052,0.001112
Interface-JVASP-1192_JVASP-1195_film_miller_1_1_0_sub_miller_1_1_0_film_thickness_16_subs_thickness_16_seperation_2.5_disp_-0.25_-0.45_vasp,2.094728,0.095300,0.569700,0.665000,-0.445169,-168.716890,1.999428
Interface-JVASP-1192_JVASP-95_film_miller_1_1_0_sub_miller_1_1_0_film_thickness_16_subs_thickness_16_seperation_2.5_disp_-0.05_0.35_vasp,2.429563,0.368500,0.811900,1.180400,-0.088378,-31.355510,2.061063
Interface-JVASP-1702_JVASP-8047_film_miller_1_1_0_sub_miller_1_1_0_film_thickness_16_subs_thickness_16_seperation_2.5_disp_0.4_-0.2_vasp,3.055385,1.389500,0.998800,2.388300,nan,-59.411762,1.665885
Interface-JVASP-105410_JVASP-1073_film_miller_1_1_0_sub_miller_1_1_0_film_thickness_16_subs_thickness_16_seperation_2.5_disp_-0.1_0.0_vasp,0.912788,-0.168700,5.309500,5.140800,0.191504,-216.025549,0.912788
Interface-JVASP-107_JVASP-37905_film_miller_1_1_0_sub_miller_1_1_0_film_thickness_16_subs_thickness_16_seperation_2.5_disp_0.4_-0.1_vasp,0.000350,0.096000,7.035200,7.131200,1.101768,-920.403308,-0.095650
Interface-JVASP-1183_JVASP-8183_film_miller_1_1_0_sub_miller_1_1_0_film_thickness_16_subs_thickness_16_seperation_2.5_disp_-0.15_-0.3_vasp,1.949921,0.436800,4.467300,4.904100,nan,-180.180142,1.513121
Interface-JVASP-1186_JVASP-7836_film_miller_1_1_0_sub_miller_1_1_0_film_thickness_16_subs_thickness_16_seperation_2.5_disp_0.25_0.45_vasp,1.075343,0.484100,5.221000,5.705100,-1.110898,-942.225959,0.591243
Interface-JVASP-1073_JVASP-95_film_miller_1_1_0_sub_miller_1_1_0_film_thickness_16_subs_thickness_16_seperation_2.5_disp_-0.25_0.1_vasp,1.392729,0.383900,3.323800,3.707700,nan,-58.983660,1.008829
Interface-JVASP-1195_JVASP-36204_film_miller_1_1_0_sub_miller_1_1_0_film_thickness_16_subs_thickness_16_seperation_2.5_disp_0.5_0.25_vasp,2.466374,0.066500,4.901100,4.967600,nan,-149.154988,2.399874
Interface-JVASP-1195_JVASP-8186_film_miller_1_1_0_sub_miller_1_1_0_film_thickness_16_subs_thickness_16_seperation_2.5_disp_-0.2_-0.1_vasp,2.208544,0.558800,1.510800,2.069600,nan,-78.940268,1.649744
Interface-JVASP-35711_JVASP-39_film_miller_1_1_0_sub_miller_1_1_0_film_thickness_16_subs_thickness_16_seperation_2.5_disp_0.1_0.45_vasp,0.693233,0.375400,6.020100,6.395500,nan,-297.417934,0.317833
Interface-JVASP-35748_JVASP-36123_film_miller_1_1_0_sub_miller_1_1_0_film_thickness_16_subs_thickness_16_seperation_2.5_disp_0.0_-0.45_vasp,0.793906,0.056900,4.484700,4.541600,nan,-50.455601,0.737006
Interface-JVASP-36119_JVASP-95_film_miller_1_1_0_sub_miller_1_1_0_film_thickness_16_subs_thickness_16_seperation_2.5_disp_0.0_-0.3_vasp,1.701426,0.071900,2.500800,2.572700,nan,-32.089213,1.629526
Interface-JVASP-36204_JVASP-36119_film_miller_1_1_0_sub_miller_1_1_0_film_thickness_16_subs_thickness_16_seperation_2.5_disp_-0.35_-0.45_vasp,0.212153,0.002600,5.187000,5.189600,nan,-226.399511,0.209553
Interface-JVASP-36873_JVASP-1393_film_miller_1_1_0_sub_miller_1_1_0_film_thickness_16_subs_thickness_16_seperation_2.5_disp_-0.3_0.25_vasp,1.230797,0.519600,5.865300,6.384900,-1.537169,-163.320874,0.711197
Interface-JVASP-37905_JVASP-23_film_miller_1_1_0_sub_miller_1_1_0_film_thickness_16_subs_thickness_16_seperation_2.5_disp_-0.45_-0.2_vasp,1.173798,0.127800,3.326500,3.454300,-1.439766,-327.030112,1.045998
Interface-JVASP-7671_JVASP-30_film_miller_1_1_0_sub_miller_1_1_0_film_thickness_16_subs_thickness_16_seperation_2.5_disp_-0.2_0.45_vasp,1.684640,0.748700,3.740600,4.489300,nan,-145.718581,0.935940
Interface-JVASP-7671_JVASP-36123_film_miller_1_1_0_sub_miller_1_1_0_film_thickness_16_subs_thickness_16_seperation_2.5_disp_0.0_-0.1_vasp,0.761805,0.036100,2.896300,2.932400,nan,-14.864807,0.725705
Interface-JVASP-7923_JVASP-1393_film_miller_1_1_0_sub_miller_1_1_0_film_thickness_16_subs_thickness_16_seperation_2.5_disp_0.2_-0.1_vasp,2.343488,0.313800,2.390000,2.703800,1.046306,-292.162351,2.029688
Interface-JVASP-8158_JVASP-30_film_miller_1_1_0_sub_miller_1_1_0_film_thickness_16_subs_thickness_16_seperation_2.5_disp_-0.15_0.25_vasp,2.544776,1.374100,7.092000,8.466100,-0.955198,-532.133864,1.170676
Interface-JVASP-8183_JVASP-23_film_miller_1_1_0_sub_miller_1_1_0_film_thickness_16_subs_thickness_16_seperation_2.5_disp_0.5_-0.3_vasp,1.600992,0.074800,2.978900,3.053700,0.255663,-130.235678,1.526192
Interface-JVASP-8184_JVASP-8047_film_miller_1_1_0_sub_miller_1_1_0_film_thickness_16_subs_thickness_16_seperation_2.5_disp_-0.25_0.35_vasp,1.715408,0.635400,2.982600,3.618000,nan,-47.327640,1.080008
Interface-JVASP-96_JVASP-1073_film_miller_1_1_0_sub_miller_1_1_0_film_thickness_16_subs_thickness_16_seperation_2.5_disp_-0.15_0.5_vasp,1.292770,0.529200,3.115200,3.644400,1.498259,-119.627088,0.763570
Interface-JVASP-1192_JVASP-7836_film_miller_1_1_0_sub_miller_1_1_0_film_thickness_16_subs_thickness_16_seperation_2.5_disp_0.5_-0.3_vasp,2.612193,1.060000,3.437200,4.497200,1.559873,-914.109849,1.552193
Interface-JVASP-1192_JVASP-8158_film_miller_1_1_0_sub_miller_1_1_0_film_thickness_16_subs_thickness_16_seperation_2.5_disp_0.45_-0.4_vasp,2.215203,0.246900,4.380300,4.627200,-0.627416,-396.552183,1.968303
Interface-JVASP-1408_JVASP-7836_film_miller_1_1_0_sub_miller_1_1_0_film_thickness_16_subs_thickness_16_seperation_2.5_disp_-0.4_-0.35_vasp,1.761925,0.788200,6.622900,7.411100,-0.815403,-966.033429,0.973725
Interface-JVASP-1408_JVASP-8169_film_miller_1_1_0_sub_miller_1_1_0_film_thickness_16_subs_thickness_16_seperation_2.5_disp_0.3_-0.45_vasp,1.293393,0.342600,4.947100,5.289700,-1.913805,-285.846193,0.950793
Interface-JVASP-1702_JVASP-1195_film_miller_1_1_0_sub_miller_1_1_0_film_thickness_16_subs_thickness_16_seperation_2.5_disp_0.45_0.1_vasp,2.701610,0.687400,1.642600,2.330000,-0.405831,-169.547617,2.014210
Interface-JVASP-1702_JVASP-23_film_miller_1_1_0_sub_miller_1_1_0_film_thickness_16_subs_thickness_16_seperation_2.5_disp_-0.1_-0.3_vasp,2.650100,0.754900,1.626100,2.381000,0.521163,-56.381368,1.895200
Interface-JVASP-1702_JVASP-7844_film_miller_1_1_0_sub_miller_1_1_0_film_thickness_16_subs_thickness_16_seperation_2.5_disp_-0.2_-0.35_vasp,2.947428,1.469500,4.434400,5.903900,-0.453202,-623.798365,1.477928
Interface-JVASP-1702_JVASP-96_film_miller_1_1_0_sub_miller_1_1_0_film_thickness_16_subs_thickness_16_seperation_2.5_disp_0.2_0.15_vasp,2.472109,1.193000,1.590000,2.783000,0.013207,-37.770479,1.279109
Interface-JVASP-1312_JVASP-36873_film_miller_1_1_0_sub_miller_1_1_0_film_thickness_16_subs_thickness_16_seperation_2.5_disp_0.2_0.15_vasp,0.946568,0.281800,6.328600,6.610400,1.400733,-726.907816,0.664768
Interface-JVASP-1312_JVASP-7671_film_miller_1_1_0_sub_miller_1_1_0_film_thickness_16_subs_thickness_16_seperation_2.5_disp_-0.05_-0.35_vasp,0.761220,0.102600,4.744300,4.846900,-0.970906,-672.714512,0.658620
Interface-JVASP-105410_JVASP-8183_film_miller_1_1_0_sub_miller_1_1_0_film_thickness_16_subs_thickness_16_seperation_2.5_disp_0.5_-0.35_vasp,1.218732,0.130600,4.742800,4.873400,nan,-214.834653,1.088132
Interface-JVASP-107_JVASP-36204_film_miller_1_1_0_sub_miller_1_1_0_film_thickness_16_subs_thickness_16_seperation_2.5_disp_-0.45_-0.15_vasp,4.715957,1.204500,8.092500,9.297000,0.665868,-509.178018,3.511457
Interface-JVASP-1186_JVASP-8158_film_miller_1_1_0_sub_miller_1_1_0_film_thickness_16_subs_thickness_16_seperation_2.5_disp_0.2_-0.15_vasp,0.480597,0.101200,5.804900,5.906100,-1.474870,-424.767825,0.379397
Interface-JVASP-7671_JVASP-8047_film_miller_1_1_0_sub_miller_1_1_0_film_thickness_16_subs_thickness_16_seperation_2.5_disp_0.0_0.15_vasp,2.493531,0.670900,0.834300,1.505200,nan,-13.439628,1.822631
Interface-JVASP-7923_JVASP-37905_film_miller_1_1_0_sub_miller_1_1_0_film_thickness_16_subs_thickness_16_seperation_2.5_disp_-0.45_0.5_vasp,0.987398,0.267800,2.892500,3.160300,1.230240,-300.490659,0.719598
Interface-JVASP-8003_JVASP-1393_film_miller_1_1_0_sub_miller_1_1_0_film_thickness_16_subs_thickness_16_seperation_2.5_disp_0.0_0.3_vasp,1.767258,0.832400,2.629300,3.461700,1.186355,-66.102685,0.934858
Interface-JVASP-8003_JVASP-37905_film_miller_1_1_0_sub_miller_1_1_0_film_thickness_16_subs_thickness_16_seperation_2.5_disp_-0.2_0.0_vasp,1.247138,0.344100,3.253300,3.597400,1.950680,-287.406286,0.903038
Interface-JVASP-8047_JVASP-1073_film_miller_1_1_0_sub_miller_1_1_0_film_thickness_16_subs_thickness_16_seperation_2.5_disp_-0.25_-0.35_vasp,1.354215,0.676800,3.323400,4.000200,nan,-57.885753,0.677415
Interface-JVASP-8047_JVASP-95_film_miller_1_1_0_sub_miller_1_1_0_film_thickness_16_subs_thickness_16_seperation_2.5_disp_0.0_-0.35_vasp,3.227731,0.977900,0.914300,1.892200,nan,-19.419431,2.249831
Interface-JVASP-8158_JVASP-35748_film_miller_1_1_0_sub_miller_1_1_0_film_thickness_16_subs_thickness_16_seperation_2.5_disp_-0.4_0.45_vasp,0.217819,-0.166600,7.527500,7.360900,0.017758,-429.101352,0.217819
Interface-JVASP-8158_JVASP-37905_film_miller_1_1_0_sub_miller_1_1_0_film_thickness_16_subs_thickness_16_seperation_2.5_disp_0.25_0.5_vasp,2.682810,0.656400,7.299300,7.955700,-0.036552,-554.691246,2.026410
Interface-JVASP-8169_JVASP-37905_film_miller_1_1_0_sub_miller_1_1_0_film_thickness_16_subs_thickness_16_seperation_2.5_disp_-0.2_-0.25_vasp,0.807837,0.422300,5.145000,5.567300,0.535951,-390.774533,0.385537
Interface-JVASP-8183_JVASP-1073_film_miller_1_1_0_sub_miller_1_1_0_film_thickness_16_subs_thickness_16_seperation_2.5_disp_-0.25_0.2_vasp,1.412032,0.787200,4.252000,5.039200,nan,-100.542430,0.624832
Interface-JVASP-96_JVASP-8169_film_miller_1_1_0_sub_miller_1_1_0_film_thickness_16_subs_thickness_16_seperation_2.5_disp_0.5_-0.2_vasp,2.333759,0.506200,3.407600,3.913800,-0.664326,-364.932724,1.827559
Interface-JVASP-1002_JVASP-1174_film_miller_0_0_1_sub_miller_0_0_1_film_thickness_16_subs_thickness_16_seperation_2.5_disp_-0.25_0.25_vasp,0.000699,-0.277000,4.601700,4.324700,-0.189724,-129.684375,0.000699
Interface-JVASP-1002_JVASP-36408_film_miller_0_0_1_sub_miller_0_0_1_film_thickness_16_subs_thickness_16_seperation_2.5_disp_-0.25_0.25_vasp,0.008079,-0.552600,6.978700,6.426100,0.823073,-201.025163,0.008079
Interface-JVASP-1002_JVASP-8003_film_miller_1_1_0_sub_miller_1_1_0_film_thickness_16_subs_thickness_16_seperation_2.5_disp_0.3_-0.4_vasp,2.116771,0.790600,3.427100,4.217700,-1.484329,-113.798569,1.326171
Interface-JVASP-1002_JVASP-96_film_miller_0_0_1_sub_miller_0_0_1_film_thickness_16_subs_thickness_16_seperation_2.5_disp_-0.25_0.25_vasp,0.008787,-0.327600,3.728500,3.400900,-0.642428,-105.540280,0.008787
Interface-JVASP-1174_JVASP-1192_film_miller_0_0_1_sub_miller_0_0_1_film_thickness_16_subs_thickness_16_seperation_2.5_disp_-0.25_-0.25_vasp,0.790648,-0.307900,2.381700,2.073800,-0.698795,-39.136851,0.790648
Interface-JVASP-1174_JVASP-8003_film_miller_0_0_1_sub_miller_0_0_1_film_thickness_16_subs_thickness_16_seperation_2.5_disp_-0.25_-0.25_vasp,1.209385,-0.314100,2.773300,2.459200,-0.571642,-49.606871,1.209385
Interface-JVASP-1327_JVASP-1183_film_miller_0_0_1_sub_miller_0_0_1_film_thickness_16_subs_thickness_16_seperation_2.5_disp_0.25_-0.25_vasp,0.682219,-0.612000,5.297900,4.685900,-0.101686,-130.065246,0.682219
Interface-JVASP-1327_JVASP-36873_film_miller_0_0_1_sub_miller_0_0_1_film_thickness_16_subs_thickness_16_seperation_2.5_disp_0.0_0.5_vasp,0.003668,-0.422600,6.768800,6.346200,1.592089,-203.357501,0.003668
Interface-JVASP-1327_JVASP-96_film_miller_1_1_0_sub_miller_1_1_0_film_thickness_16_subs_thickness_16_seperation_2.5_disp_0.25_-0.4_vasp,3.347541,1.484000,2.543300,4.027300,-0.468607,-103.446401,1.863541
Interface-JVASP-1372_JVASP-1186_film_miller_1_1_0_sub_miller_1_1_0_film_thickness_16_subs_thickness_16_seperation_2.5_disp_-0.05_-0.25_vasp,1.080410,0.005500,3.721800,3.727300,-0.466077,-107.778053,1.074910
Interface-JVASP-1408_JVASP-1174_film_miller_1_1_0_sub_miller_1_1_0_film_thickness_16_subs_thickness_16_seperation_2.5_disp_-0.05_0.15_vasp,0.420091,-0.000100,4.188700,4.188600,0.828452,-96.037513,0.420091
Interface-JVASP-1408_JVASP-23_film_miller_1_1_0_sub_miller_1_1_0_film_thickness_16_subs_thickness_16_seperation_2.5_disp_-0.05_-0.35_vasp,1.824720,0.711400,3.037200,3.748600,-0.778587,-52.455081,1.113320
Interface-JVASP-30_JVASP-8118_film_miller_0_0_1_sub_miller_0_0_1_film_thickness_16_subs_thickness_16_seperation_2.5_disp_0.3_0.35_vasp,1.465611,-0.553500,8.339800,7.786300,1.343010,-158.282174,1.465611
Interface-JVASP-39_JVASP-39_film_miller_1_0_0_sub_miller_0_0_1_film_thickness_16_subs_thickness_16_seperation_2.5_disp_-0.25_0.05_vasp,0.916460,-0.167300,7.235800,7.068500,-1.042437,-340.964003,0.916460
Interface-JVASP-1195_JVASP-37905_film_miller_1_1_0_sub_miller_1_1_0_film_thickness_16_subs_thickness_16_seperation_2.5_disp_0.5_-0.2_vasp,1.234773,-0.142700,4.354100,4.211400,2.275464,-132.071806,1.234773
Interface-JVASP-105410_JVASP-8158_film_miller_1_1_0_sub_miller_1_1_0_film_thickness_16_subs_thickness_16_seperation_2.5_disp_0.25_-0.2_vasp,1.126095,0.216700,6.895200,7.111900,-0.548342,-706.616992,0.909395
Interface-JVASP-1186_JVASP-1192_film_miller_1_1_0_sub_miller_1_1_0_film_thickness_16_subs_thickness_16_seperation_2.5_disp_-0.25_0.0_vasp,0.607672,0.000000,2.732400,2.732400,-0.529263,-36.891284,0.607672
Interface-JVASP-1174_JVASP-8003_film_miller_1_1_0_sub_miller_1_1_0_film_thickness_16_subs_thickness_16_seperation_2.5_disp_-0.2_-0.35_vasp,1.921880,0.089100,2.189000,2.278100,-1.432721,-50.927676,1.832780
Interface-JVASP-1174_JVASP-1198_film_miller_1_1_0_sub_miller_1_1_0_film_thickness_16_subs_thickness_16_seperation_2.5_disp_0.05_0.4_vasp,1.331141,0.103100,3.213800,3.316900,-0.962209,-37.829968,1.228041
Interface-JVASP-39_JVASP-1180_film_miller_0_0_1_sub_miller_0_0_1_film_thickness_16_subs_thickness_16_seperation_2.5_disp_-0.25_-0.25_vasp,0.000982,-0.101000,6.202500,6.101500,0.747620,-496.272594,0.000982
Interface-JVASP-1327_JVASP-1073_film_miller_1_1_0_sub_miller_1_1_0_film_thickness_16_subs_thickness_16_seperation_2.5_disp_-0.1_0.3_vasp,1.732520,0.501700,5.051500,5.553200,1.187067,-274.906485,1.230820
Interface-JVASP-1327_JVASP-7844_film_miller_1_1_0_sub_miller_1_1_0_film_thickness_16_subs_thickness_16_seperation_2.5_disp_0.3_-0.35_vasp,1.745569,0.737900,6.458300,7.196200,-1.207744,-754.742508,1.007669
Interface-JVASP-1408_JVASP-85122_film_miller_1_1_0_sub_miller_1_1_0_film_thickness_16_subs_thickness_16_seperation_2.5_disp_-0.25_0.4_vasp,1.277816,0.000800,4.784200,4.785000,nan,-167.698624,1.277016
Interface-JVASP-1312_JVASP-1327_film_miller_1_1_0_sub_miller_1_1_0_film_thickness_16_subs_thickness_16_seperation_2.5_disp_0.1_-0.45_vasp,1.443559,0.751100,5.755800,6.506900,-0.692147,-681.800598,0.692459
Interface-JVASP-1002_JVASP-8184_film_miller_0_0_1_sub_miller_0_0_1_film_thickness_16_subs_thickness_16_seperation_2.5_disp_-0.2_-0.35_vasp,0.001402,-0.555100,5.806700,5.251600,0.270935,-280.036080,0.001402
Interface-JVASP-1372_JVASP-23_film_miller_1_1_0_sub_miller_1_1_0_film_thickness_16_subs_thickness_16_seperation_2.5_disp_0.15_-0.45_vasp,2.022306,0.424700,2.596800,3.021500,0.413966,-207.008836,1.597606
Interface-JVASP-1327_JVASP-1174_film_miller_1_1_0_sub_miller_1_1_0_film_thickness_16_subs_thickness_16_seperation_2.5_disp_0.25_0.5_vasp,2.320343,0.778100,3.917400,4.695500,0.362068,-126.583435,1.542243
Interface-JVASP-1192_JVASP-7923_film_miller_1_1_0_sub_miller_1_1_0_film_thickness_16_subs_thickness_16_seperation_2.5_disp_0.05_-0.25_vasp,2.449880,0.488400,0.288600,0.777000,-1.216558,-137.407430,1.961480
Interface-JVASP-1002_JVASP-1183_film_miller_1_1_0_sub_miller_1_1_0_film_thickness_16_subs_thickness_16_seperation_2.5_disp_-0.4_-0.45_vasp,0.665987,0.130200,4.981500,5.111700,0.194851,-515.530183,0.535787
Interface-JVASP-39_JVASP-96_film_miller_0_0_1_sub_miller_0_0_1_film_thickness_16_subs_thickness_16_seperation_2.5_disp_-0.2_-0.05_vasp,0.001359,-1.372300,5.757200,4.384900,0.174743,-292.370192,0.001359
Interface-JVASP-1327_JVASP-816_film_miller_0_0_1_sub_miller_0_0_1_film_thickness_16_subs_thickness_16_seperation_2.5_disp_-0.15_-0.4_vasp,0.001741,-1.353700,7.286600,5.932900,0.536320,-160.668528,0.001741
Interface-JVASP-1174_JVASP-816_film_miller_0_0_1_sub_miller_0_0_1_film_thickness_16_subs_thickness_16_seperation_2.5_disp_-0.15_-0.4_vasp,0.001912,-1.153900,6.156500,5.002600,0.432041,-107.848351,0.001912
Interface-JVASP-1408_JVASP-8158_film_miller_1_1_0_sub_miller_1_1_0_film_thickness_16_subs_thickness_16_seperation_2.5_disp_-0.05_-0.05_vasp,1.615447,0.485100,6.484600,6.969700,-0.136847,-450.954850,1.130347
Interface-JVASP-1174_JVASP-1192_film_miller_1_1_0_sub_miller_1_1_0_film_thickness_16_subs_thickness_16_seperation_2.5_disp_-0.25_0.15_vasp,1.716396,0.052800,1.791500,1.844300,-1.382755,-40.754249,1.663596
Interface-JVASP-30_JVASP-1186_film_miller_0_0_1_sub_miller_0_0_1_film_thickness_16_subs_thickness_16_seperation_2.5_disp_-0.15_-0.15_vasp,0.001379,-1.111100,7.192900,6.081800,-1.481757,-260.919930,0.001379
Interface-JVASP-39_JVASP-8158_film_miller_0_0_1_sub_miller_0_0_1_film_thickness_16_subs_thickness_16_seperation_2.5_disp_-0.45_0.45_vasp,0.005514,-0.141300,8.613400,8.472100,2.373168,-764.319818,0.005514
Interface-JVASP-1189_JVASP-1192_film_miller_1_1_0_sub_miller_1_1_0_film_thickness_16_subs_thickness_16_seperation_2.5_disp_-0.25_-0.35_vasp,1.050485,0.082500,3.300100,3.382600,-0.636035,-23.335916,0.967985
Interface-JVASP-1192_JVASP-8186_film_miller_1_1_0_sub_miller_1_1_0_film_thickness_16_subs_thickness_16_seperation_2.5_disp_-0.35_0.15_vasp,2.227765,0.582800,1.029500,1.612300,nan,-3.321732,1.644965
Interface-JVASP-1702_JVASP-1393_film_miller_1_1_0_sub_miller_1_1_0_film_thickness_16_subs_thickness_16_seperation_2.5_disp_0.0_0.4_vasp,2.851702,1.320600,3.408900,4.729500,0.681794,-77.110889,1.531102
Interface-JVASP-1192_JVASP-7671_film_miller_1_1_0_sub_miller_1_1_0_film_thickness_16_subs_thickness_16_seperation_2.5_disp_0.05_0.5_vasp,2.098168,0.016300,0.682700,0.699000,nan,-15.256260,2.081868
Interface-JVASP-1702_JVASP-36873_film_miller_1_1_0_sub_miller_1_1_0_film_thickness_16_subs_thickness_16_seperation_2.5_disp_0.3_-0.1_vasp,1.414175,0.448200,5.199800,5.648000,2.422496,-137.810300,0.965975
Interface-JVASP-1408_JVASP-1177_film_miller_1_1_0_sub_miller_1_1_0_film_thickness_16_subs_thickness_16_seperation_2.5_disp_-0.35_0.0_vasp,0.002136,0.073300,4.092600,4.165900,nan,-77.776118,-0.071164
Interface-JVASP-1702_JVASP-105410_film_miller_1_1_0_sub_miller_1_1_0_film_thickness_16_subs_thickness_16_seperation_2.5_disp_-0.1_0.35_vasp,1.951972,0.622200,4.209000,4.831200,1.248399,-87.114513,1.329772
Interface-JVASP-1702_JVASP-8182_film_miller_1_1_0_sub_miller_1_1_0_film_thickness_16_subs_thickness_16_seperation_2.5_disp_0.0_-0.1_vasp,3.007916,0.960900,3.180600,4.141500,nan,-191.321653,2.047016
Interface-JVASP-1312_JVASP-8003_film_miller_1_1_0_sub_miller_1_1_0_film_thickness_16_subs_thickness_16_seperation_2.5_disp_0.0_-0.3_vasp,0.725788,0.155200,4.235600,4.390800,-1.127436,-527.141909,0.570588
Interface-JVASP-1327_JVASP-39_film_miller_1_1_0_sub_miller_1_1_0_film_thickness_16_subs_thickness_16_seperation_2.5_disp_0.2_0.0_vasp,1.753782,1.164200,5.672300,6.836500,-1.069514,-612.631127,0.589582
Interface-JVASP-107_JVASP-39_film_miller_1_1_0_sub_miller_1_1_0_film_thickness_16_subs_thickness_16_seperation_2.5_disp_0.15_0.0_vasp,3.196450,2.720100,7.292600,10.012700,-1.720607,-592.344291,0.476350
Interface-JVASP-1327_JVASP-1393_film_miller_1_1_0_sub_miller_1_1_0_film_thickness_16_subs_thickness_16_seperation_2.5_disp_0.05_0.4_vasp,2.523844,1.463100,4.457500,5.920600,0.567481,-143.776253,1.060744
Interface-JVASP-22685_JVASP-36123_film_miller_1_1_0_sub_miller_1_1_0_film_thickness_16_subs_thickness_16_seperation_2.5_disp_0.0_-0.1_vasp,1.224685,0.015600,3.170700,3.186300,nan,-9.224866,1.209085
Interface-JVASP-1002_JVASP-1702_film_miller_1_1_0_sub_miller_1_1_0_film_thickness_16_subs_thickness_16_seperation_2.5_disp_0.3_0.45_vasp,1.857670,1.049600,4.220400,5.270000,-1.032187,-124.511340,0.808070
Interface-JVASP-1408_JVASP-36204_film_miller_1_1_0_sub_miller_1_1_0_film_thickness_16_subs_thickness_16_seperation_2.5_disp_-0.1_0.1_vasp,0.817777,-0.315000,5.567800,5.252800,0.681302,-519.482392,0.817777
Interface-JVASP-1312_JVASP-39_film_miller_1_1_0_sub_miller_1_1_0_film_thickness_16_subs_thickness_16_seperation_2.5_disp_-0.2_-0.35_vasp,0.778853,1.000500,8.028400,9.028900,-1.785830,-619.928945,-0.221647
Interface-JVASP-1327_JVASP-105410_film_miller_1_1_0_sub_miller_1_1_0_film_thickness_16_subs_thickness_16_seperation_2.5_disp_-0.05_0.35_vasp,2.147312,0.600800,5.247600,5.848400,1.123998,-154.176303,1.546512
Interface-JVASP-8182_JVASP-8047_film_miller_1_1_0_sub_miller_1_1_0_film_thickness_16_subs_thickness_16_seperation_2.5_disp_-0.25_-0.3_vasp,3.780119,1.935400,2.611100,4.546500,nan,-84.134895,1.844719
Interface-JVASP-8183_JVASP-7671_film_miller_1_1_0_sub_miller_1_1_0_film_thickness_16_subs_thickness_16_seperation_2.5_disp_0.0_-0.35_vasp,2.313578,0.837300,1.845200,2.682500,nan,-54.728350,1.476278
Interface-JVASP-8183_JVASP-95_film_miller_1_1_0_sub_miller_1_1_0_film_thickness_16_subs_thickness_16_seperation_2.5_disp_0.0_0.25_vasp,2.719154,0.977800,2.446700,3.424500,nan,-62.998332,1.741354
Interface-JVASP-8185_JVASP-85122_film_miller_1_1_0_sub_miller_1_1_0_film_thickness_16_subs_thickness_16_seperation_2.5_disp_0.0_0.15_vasp,1.218517,0.054300,4.165300,4.219600,nan,-53.375858,1.164217
Interface-JVASP-8186_JVASP-35711_film_miller_1_1_0_sub_miller_1_1_0_film_thickness_16_subs_thickness_16_seperation_2.5_disp_0.0_0.05_vasp,0.798117,0.169500,3.702200,3.871700,nan,-14.788343,0.628617
Interface-JVASP-8186_JVASP-36873_film_miller_1_1_0_sub_miller_1_1_0_film_thickness_16_subs_thickness_16_seperation_2.5_disp_-0.2_-0.25_vasp,0.001527,-0.199700,5.396900,5.197200,3.461743,-337.921146,0.001527
Interface-JVASP-8186_JVASP-85122_film_miller_1_1_0_sub_miller_1_1_0_film_thickness_16_subs_thickness_16_seperation_2.5_disp_0.0_0.2_vasp,2.363166,0.529500,3.736800,4.266300,nan,-30.186410,1.833666
Interface-JVASP-96_JVASP-8047_film_miller_1_1_0_sub_miller_1_1_0_film_thickness_16_subs_thickness_16_seperation_2.5_disp_0.2_0.4_vasp,3.587726,0.860000,0.829300,1.689300,nan,-37.107597,2.727726
Interface-JVASP-1002_JVASP-813_film_miller_0_0_1_sub_miller_0_0_1_film_thickness_16_subs_thickness_16_seperation_2.5_disp_-0.15_-0.35_vasp,0.003922,-0.668000,7.344500,6.676500,-0.608303,-92.709982,0.003922
Interface-JVASP-890_JVASP-1372_film_miller_1_1_0_sub_miller_1_1_0_film_thickness_16_subs_thickness_16_seperation_2.5_disp_-0.45_-0.25_vasp,0.003676,-0.516600,4.548500,4.031900,-0.682859,-96.764185,0.003676
Interface-JVASP-1192_JVASP-1702_film_miller_1_1_0_sub_miller_1_1_0_film_thickness_16_subs_thickness_16_seperation_2.5_disp_-0.2_-0.4_vasp,2.020071,0.472400,0.999800,1.472200,-0.492969,-78.809648,1.547671
Interface-JVASP-1408_JVASP-36873_film_miller_1_1_0_sub_miller_1_1_0_film_thickness_16_subs_thickness_16_seperation_2.5_disp_0.05_-0.3_vasp,0.625734,0.094300,5.749000,5.843300,0.556915,-451.221088,0.531434
Interface-JVASP-1312_JVASP-8186_film_miller_1_1_0_sub_miller_1_1_0_film_thickness_16_subs_thickness_16_seperation_2.5_disp_-0.3_0.15_vasp,1.477997,0.689900,5.077500,5.767400,0.282593,-667.288441,0.788097
Interface-JVASP-105410_JVASP-96_film_miller_1_1_0_sub_miller_1_1_0_film_thickness_16_subs_thickness_16_seperation_2.5_disp_0.3_0.05_vasp,1.376890,0.494800,3.266200,3.761000,-1.287015,-73.335717,0.882090
Interface-JVASP-107_JVASP-8186_film_miller_1_1_0_sub_miller_1_1_0_film_thickness_16_subs_thickness_16_seperation_2.5_disp_-0.45_-0.1_vasp,0.247813,0.126200,5.521500,5.647700,nan,-574.998309,0.121613
Interface-JVASP-1183_JVASP-8186_film_miller_1_1_0_sub_miller_1_1_0_film_thickness_16_subs_thickness_16_seperation_2.5_disp_0.35_0.2_vasp,1.945351,0.480000,3.633700,4.113700,nan,-78.191885,1.465351
Interface-JVASP-22685_JVASP-1195_film_miller_1_1_0_sub_miller_1_1_0_film_thickness_16_subs_thickness_16_seperation_2.5_disp_-0.3_-0.45_vasp,2.320052,0.624800,1.179200,1.804000,nan,-75.204556,1.695252
Interface-JVASP-1195_JVASP-35711_film_miller_1_1_0_sub_miller_1_1_0_film_thickness_16_subs_thickness_16_seperation_2.5_disp_-0.2_-0.1_vasp,0.519044,0.023300,2.740700,2.764000,nan,-93.358323,0.495744
Interface-JVASP-1195_JVASP-7630_film_miller_1_1_0_sub_miller_1_1_0_film_thickness_16_subs_thickness_16_seperation_2.5_disp_-0.35_0.2_vasp,0.429641,0.307000,3.406400,3.713400,0.382000,-354.482016,0.122641
Interface-JVASP-1195_JVASP-96_film_miller_1_1_0_sub_miller_1_1_0_film_thickness_16_subs_thickness_16_seperation_2.5_disp_0.25_-0.25_vasp,2.028086,0.344300,1.348800,1.693100,0.154773,-147.053094,1.683786
Interface-JVASP-35711_JVASP-95_film_miller_1_1_0_sub_miller_1_1_0_film_thickness_16_subs_thickness_16_seperation_2.5_disp_0.0_0.2_vasp,0.944642,-0.013300,3.190200,3.176900,nan,-25.010160,0.944642
Interface-JVASP-35748_JVASP-36204_film_miller_1_1_0_sub_miller_1_1_0_film_thickness_16_subs_thickness_16_seperation_2.5_disp_-0.3_0.45_vasp,1.003232,0.227500,5.598000,5.825500,nan,-242.186229,0.775732
Interface-JVASP-36123_JVASP-37905_film_miller_1_1_0_sub_miller_1_1_0_film_thickness_16_subs_thickness_16_seperation_2.5_disp_-0.4_-0.1_vasp,0.047004,-0.135500,4.746500,4.611000,nan,-184.969574,0.047004
Interface-JVASP-36204_JVASP-36873_film_miller_1_1_0_sub_miller_1_1_0_film_thickness_16_subs_thickness_16_seperation_2.5_disp_0.35_-0.4_vasp,0.799173,0.317800,6.052800,6.370600,1.030321,-535.238296,0.481373
Interface-JVASP-36873_JVASP-17700_film_miller_1_1_0_sub_miller_1_1_0_film_thickness_16_subs_thickness_16_seperation_2.5_disp_-0.25_-0.25_vasp,0.001395,0.075400,6.989200,7.064600,-0.114943,-214.738937,-0.074005
Interface-JVASP-39_JVASP-17700_film_miller_1_1_0_sub_miller_1_1_0_film_thickness_16_subs_thickness_16_seperation_2.5_disp_-0.15_-0.45_vasp,0.084444,-0.971800,7.113100,6.141300,1.545071,-620.151361,0.084444
Interface-JVASP-7671_JVASP-35711_film_miller_1_1_0_sub_miller_1_1_0_film_thickness_16_subs_thickness_16_seperation_2.5_disp_0.0_0.4_vasp,0.667019,0.094300,2.693900,2.788200,nan,-16.695392,0.572719
Interface-JVASP-7844_JVASP-36204_film_miller_1_1_0_sub_miller_1_1_0_film_thickness_16_subs_thickness_16_seperation_2.5_disp_-0.25_-0.25_vasp,0.952978,0.959300,7.557800,8.517100,2.291174,-584.913720,-0.006322
Interface-JVASP-7923_JVASP-36204_film_miller_1_1_0_sub_miller_1_1_0_film_thickness_16_subs_thickness_16_seperation_2.5_disp_-0.15_0.25_vasp,1.944974,0.267100,3.860500,4.127600,2.798087,-339.294244,1.677874
Interface-JVASP-8182_JVASP-7836_film_miller_1_1_0_sub_miller_1_1_0_film_thickness_16_subs_thickness_16_seperation_2.5_disp_-0.2_-0.15_vasp,2.330320,0.879000,6.748500,7.627500,-1.394958,-678.769281,1.451320
Interface-JVASP-8184_JVASP-7630_film_miller_1_1_0_sub_miller_1_1_0_film_thickness_16_subs_thickness_16_seperation_2.5_disp_0.3_0.0_vasp,0.002143,-0.097100,4.759300,4.662200,-0.400475,-497.446516,0.002143
Interface-JVASP-8184_JVASP-8185_film_miller_1_1_0_sub_miller_1_1_0_film_thickness_16_subs_thickness_16_seperation_2.5_disp_-0.25_-0.2_vasp,1.344056,0.421600,3.884100,4.305700,nan,-64.325072,0.922456
Interface-JVASP-1192_JVASP-7844_film_miller_1_1_0_sub_miller_1_1_0_film_thickness_16_subs_thickness_16_seperation_2.5_disp_-0.3_0.25_vasp,2.396145,0.762400,3.129100,3.891500,-1.403494,-389.291145,1.633745
Interface-JVASP-1702_JVASP-30_film_miller_1_1_0_sub_miller_1_1_0_film_thickness_16_subs_thickness_16_seperation_2.5_disp_0.45_-0.15_vasp,2.250539,0.496900,3.588100,4.085000,-0.310344,-255.812857,1.753639
Interface-JVASP-1702_JVASP-79204_film_miller_1_1_0_sub_miller_1_1_0_film_thickness_16_subs_thickness_16_seperation_2.5_disp_-0.4_-0.4_vasp,3.258929,2.099500,3.148200,5.247700,3.481071,-888.978284,1.159429
Interface-JVASP-1312_JVASP-107_film_miller_1_1_0_sub_miller_1_1_0_film_thickness_16_subs_thickness_16_seperation_2.5_disp_0.4_-0.45_vasp,4.451527,0.979200,7.988200,8.967400,-0.176378,-1265.715647,3.472327
Interface-JVASP-1312_JVASP-1189_film_miller_1_1_0_sub_miller_1_1_0_film_thickness_16_subs_thickness_16_seperation_2.5_disp_0.15_0.5_vasp,0.936172,0.072200,5.748300,5.820500,-0.648484,-353.980717,0.863972
Interface-JVASP-1312_JVASP-23_film_miller_1_1_0_sub_miller_1_1_0_film_thickness_16_subs_thickness_16_seperation_2.5_disp_0.15_-0.45_vasp,1.334548,0.643400,4.211700,4.855100,-0.865033,-327.737398,0.691148
Interface-JVASP-1312_JVASP-37905_film_miller_1_1_0_sub_miller_1_1_0_film_thickness_16_subs_thickness_16_seperation_2.5_disp_0.0_-0.3_vasp,0.926685,0.419000,5.697000,6.116000,-0.089797,-496.775068,0.507685
Interface-JVASP-1327_JVASP-7836_film_miller_1_1_0_sub_miller_1_1_0_film_thickness_16_subs_thickness_16_seperation_2.5_disp_0.4_-0.45_vasp,2.867170,0.878300,6.495000,7.373300,-0.605002,-697.260569,1.988870
Interface-JVASP-105410_JVASP-36873_film_miller_1_1_0_sub_miller_1_1_0_film_thickness_16_subs_thickness_16_seperation_2.5_disp_0.4_-0.2_vasp,0.602949,0.282900,6.074000,6.356900,0.969867,-174.082898,0.320049
Interface-JVASP-1195_JVASP-7844_film_miller_1_1_0_sub_miller_1_1_0_film_thickness_16_subs_thickness_16_seperation_2.5_disp_-0.1_0.5_vasp,3.470336,1.371900,3.742000,5.113900,-2.354307,-465.743857,2.098436
Interface-JVASP-7671_JVASP-85122_film_miller_1_1_0_sub_miller_1_1_0_film_thickness_16_subs_thickness_16_seperation_2.5_disp_0.0_-0.3_vasp,2.365924,0.379800,2.251000,2.630800,nan,-32.925312,1.986124
Interface-JVASP-7844_JVASP-95_film_miller_1_1_0_sub_miller_1_1_0_film_thickness_16_subs_thickness_16_seperation_2.5_disp_0.15_0.05_vasp,2.252242,0.977600,4.699900,5.677500,-0.908790,-786.071942,1.274642
Interface-JVASP-7923_JVASP-39_film_miller_1_1_0_sub_miller_1_1_0_film_thickness_16_subs_thickness_16_seperation_2.5_disp_-0.4_0.25_vasp,2.673134,0.721600,3.133100,3.854700,1.516064,-418.323234,1.951534
Interface-JVASP-8003_JVASP-17700_film_miller_1_1_0_sub_miller_1_1_0_film_thickness_16_subs_thickness_16_seperation_2.5_disp_0.35_0.5_vasp,0.001645,0.070500,3.718100,3.788600,0.213663,-311.962116,-0.068855
Interface-JVASP-8003_JVASP-7671_film_miller_1_1_0_sub_miller_1_1_0_film_thickness_16_subs_thickness_16_seperation_2.5_disp_-0.25_-0.35_vasp,2.375990,0.562400,0.651500,1.213900,nan,-30.221197,1.813590
Interface-JVASP-8047_JVASP-36119_film_miller_1_1_0_sub_miller_1_1_0_film_thickness_16_subs_thickness_16_seperation_2.5_disp_0.0_-0.15_vasp,1.357739,-0.010800,2.852300,2.841500,nan,-31.698898,1.357739
Interface-JVASP-8158_JVASP-1393_film_miller_1_1_0_sub_miller_1_1_0_film_thickness_16_subs_thickness_16_seperation_2.5_disp_0.35_0.35_vasp,2.625280,1.193600,6.459100,7.652700,0.077480,-692.498613,1.431680
Interface-JVASP-8158_JVASP-36123_film_miller_1_1_0_sub_miller_1_1_0_film_thickness_16_subs_thickness_16_seperation_2.5_disp_-0.05_0.4_vasp,0.591551,-0.112000,7.329800,7.217800,-0.335725,-405.687927,0.591551
Interface-JVASP-8158_JVASP-39_film_miller_1_1_0_sub_miller_1_1_0_film_thickness_16_subs_thickness_16_seperation_2.5_disp_0.5_0.35_vasp,1.755069,1.425900,7.857300,9.283200,-1.347835,-677.430802,0.329169
Interface-JVASP-8169_JVASP-39_film_miller_1_1_0_sub_miller_1_1_0_film_thickness_16_subs_thickness_16_seperation_2.5_disp_-0.15_0.5_vasp,2.585006,0.282700,6.001300,6.284000,0.361882,-503.986889,2.302306
Interface-JVASP-8183_JVASP-85122_film_miller_1_1_0_sub_miller_1_1_0_film_thickness_16_subs_thickness_16_seperation_2.5_disp_0.0_0.25_vasp,2.321394,1.000200,4.179600,5.179800,nan,-82.111048,1.321194
Interface-JVASP-8186_JVASP-39_film_miller_1_1_0_sub_miller_1_1_0_film_thickness_16_subs_thickness_16_seperation_2.5_disp_0.1_0.45_vasp,1.941169,0.900800,4.818700,5.719500,-1.244136,-282.783520,1.040369
Interface-JVASP-8186_JVASP-8158_film_miller_1_1_0_sub_miller_1_1_0_film_thickness_16_subs_thickness_16_seperation_2.5_disp_0.4_0.3_vasp,1.411558,0.400900,6.061900,6.462800,2.176143,-388.377321,1.010658
Interface-JVASP-85122_JVASP-35748_film_miller_1_1_0_sub_miller_1_1_0_film_thickness_16_subs_thickness_16_seperation_2.5_disp_0.0_-0.45_vasp,1.533350,0.350100,4.643300,4.993400,nan,-66.997968,1.183250
Interface-JVASP-1002_JVASP-1174_film_miller_1_1_0_sub_miller_1_1_0_film_thickness_16_subs_thickness_16_seperation_2.5_disp_0.5_0.2_vasp,1.584581,0.623500,4.585400,5.208900,-0.311347,-137.427103,0.961081
Interface-JVASP-1002_JVASP-36873_film_miller_0_0_1_sub_miller_0_0_1_film_thickness_16_subs_thickness_16_seperation_2.5_disp_-0.25_0.25_vasp,0.007828,-0.693900,6.813400,6.119500,0.597805,-207.572529,0.007828
Interface-JVASP-1002_JVASP-8118_film_miller_0_0_1_sub_miller_0_0_1_film_thickness_16_subs_thickness_16_seperation_2.5_disp_-0.15_-0.1_vasp,0.000447,-1.585400,8.997500,7.412100,0.511920,-392.904926,0.000447
Interface-JVASP-1002_JVASP-96_film_miller_1_1_0_sub_miller_1_1_0_film_thickness_16_subs_thickness_16_seperation_2.5_disp_0.5_-0.15_vasp,2.059533,1.024900,3.509700,4.534600,-1.001763,-112.403085,1.034633
Interface-JVASP-1174_JVASP-1198_film_miller_0_0_1_sub_miller_0_0_1_film_thickness_16_subs_thickness_16_seperation_2.5_disp_-0.25_-0.25_vasp,0.013117,-0.519300,3.567100,3.047800,-0.974871,-31.827160,0.013117
Interface-JVASP-1174_JVASP-96_film_miller_0_0_1_sub_miller_0_0_1_film_thickness_16_subs_thickness_16_seperation_2.5_disp_-0.25_-0.25_vasp,0.005747,-0.655100,2.973400,2.318300,-0.569703,-46.349346,0.005747
Interface-JVASP-1327_JVASP-1372_film_miller_0_0_1_sub_miller_0_0_1_film_thickness_16_subs_thickness_16_seperation_2.5_disp_-0.25_0.25_vasp,0.001699,-0.294100,4.684500,4.390400,0.003048,-162.739436,0.001699
Interface-JVASP-1327_JVASP-8003_film_miller_0_0_1_sub_miller_0_0_1_film_thickness_16_subs_thickness_16_seperation_2.5_disp_-0.25_0.25_vasp,0.656505,-0.922100,3.919100,2.997000,-0.182011,-101.240029,0.656505
Interface-JVASP-1372_JVASP-1174_film_miller_0_0_1_sub_miller_0_0_1_film_thickness_16_subs_thickness_16_seperation_2.5_disp_-0.25_-0.25_vasp,0.003724,-0.423600,3.988300,3.564700,0.607749,-108.905579,0.003724
Interface-JVASP-1372_JVASP-1192_film_miller_1_1_0_sub_miller_1_1_0_film_thickness_16_subs_thickness_16_seperation_2.5_disp_-0.3_0.5_vasp,2.136539,0.468700,1.811800,2.280500,-1.157760,-80.365055,1.667839
Interface-JVASP-1408_JVASP-1183_film_miller_1_1_0_sub_miller_1_1_0_film_thickness_16_subs_thickness_16_seperation_2.5_disp_-0.15_-0.25_vasp,0.006092,-0.671600,5.448100,4.776500,0.238751,-98.435615,0.006092
Interface-JVASP-30_JVASP-107_film_miller_0_0_1_sub_miller_0_0_1_film_thickness_16_subs_thickness_16_seperation_2.5_disp_0.25_0.0_vasp,0.000665,-1.607900,7.918100,6.310200,0.454054,-152.017724,0.000665
Interface-JVASP-39_JVASP-107_film_miller_0_0_1_sub_miller_0_0_1_film_thickness_16_subs_thickness_16_seperation_2.5_disp_0.25_0.0_vasp,0.029933,-2.658000,8.720000,6.062000,-0.113445,-193.399987,0.029933
Interface-JVASP-39_JVASP-62940_film_miller_0_0_1_sub_miller_0_0_1_film_thickness_16_subs_thickness_16_seperation_2.5_disp_-0.25_-0.25_vasp,1.673363,-0.017300,5.927600,5.910300,0.717032,-655.748296,1.673363
Interface-JVASP-1195_JVASP-39_film_miller_1_1_0_sub_miller_1_1_0_film_thickness_16_subs_thickness_16_seperation_2.5_disp_0.25_0.0_vasp,4.096537,1.622000,3.281800,4.903800,0.638686,-190.843418,2.474537
Interface-JVASP-107_JVASP-30_film_miller_1_1_0_sub_miller_1_1_0_film_thickness_16_subs_thickness_16_seperation_2.5_disp_-0.45_-0.2_vasp,4.082319,2.199700,6.597400,8.797100,-1.267307,-448.821436,1.882619
Interface-JVASP-1327_JVASP-23_film_miller_1_1_0_sub_miller_1_1_0_film_thickness_16_subs_thickness_16_seperation_2.5_disp_0.0_-0.15_vasp,2.441671,0.624500,3.112200,3.736700,0.556264,-251.212830,1.817171
Interface-JVASP-1183_JVASP-1186_film_miller_1_1_0_sub_miller_1_1_0_film_thickness_16_subs_thickness_16_seperation_2.5_disp_0.1_-0.2_vasp,1.027434,-0.000700,3.971300,3.970600,-0.111005,-75.971828,1.027434
Interface-JVASP-1186_JVASP-8003_film_miller_1_1_0_sub_miller_1_1_0_film_thickness_16_subs_thickness_16_seperation_2.5_disp_-0.2_0.45_vasp,1.529422,0.000000,2.893500,2.893500,-0.638206,-50.010600,1.529422
Interface-JVASP-1174_JVASP-96_film_miller_1_1_0_sub_miller_1_1_0_film_thickness_16_subs_thickness_16_seperation_2.5_disp_0.0_-0.15_vasp,2.162382,0.229100,2.607500,2.836600,-0.724368,-52.645007,1.933282
Interface-JVASP-1327_JVASP-30_film_miller_1_1_0_sub_miller_1_1_0_film_thickness_16_subs_thickness_16_seperation_2.5_disp_-0.45_-0.4_vasp,2.563653,0.995000,4.643300,5.638300,-0.676806,-393.112837,1.568653
Interface-JVASP-1327_JVASP-8047_film_miller_1_1_0_sub_miller_1_1_0_film_thickness_16_subs_thickness_16_seperation_2.5_disp_0.45_0.5_vasp,2.824397,1.039000,2.782400,3.821400,nan,-187.546473,1.785397
Interface-JVASP-1702_JVASP-36204_film_miller_1_1_0_sub_miller_1_1_0_film_thickness_16_subs_thickness_16_seperation_2.5_disp_0.45_-0.1_vasp,0.422943,0.119800,4.297200,4.417000,0.558286,-354.909361,0.303143
Interface-JVASP-1312_JVASP-30_film_miller_1_1_0_sub_miller_1_1_0_film_thickness_16_subs_thickness_16_seperation_2.5_disp_-0.35_0.0_vasp,1.134292,0.026300,6.278300,6.304600,-0.373143,-469.541404,1.107992
Interface-JVASP-1183_JVASP-1192_film_miller_1_1_0_sub_miller_1_1_0_film_thickness_16_subs_thickness_16_seperation_2.5_disp_-0.15_-0.45_vasp,2.343446,0.263700,2.219600,2.483300,-0.690338,-48.269286,2.079746
Interface-JVASP-96_JVASP-8003_film_miller_1_1_0_sub_miller_1_1_0_film_thickness_16_subs_thickness_16_seperation_2.5_disp_-0.2_0.0_vasp,3.309431,0.826000,0.907400,1.733400,-0.733974,-27.955910,2.483431
Interface-JVASP-1312_JVASP-8047_film_miller_1_1_0_sub_miller_1_1_0_film_thickness_16_subs_thickness_16_seperation_2.5_disp_0.0_-0.45_vasp,1.446966,0.435400,3.979000,4.414400,-0.364025,-512.768574,1.011566
Interface-JVASP-1192_JVASP-8169_film_miller_1_1_0_sub_miller_1_1_0_film_thickness_16_subs_thickness_16_seperation_2.5_disp_-0.45_-0.25_vasp,2.479098,0.519800,2.455400,2.975200,-1.064897,-233.810591,1.959298
Interface-JVASP-1002_JVASP-1408_film_miller_1_1_0_sub_miller_1_1_0_film_thickness_16_subs_thickness_16_seperation_2.5_disp_-0.45_-0.15_vasp,0.133245,0.192900,4.758300,4.951200,0.535018,-396.931695,-0.059655
Interface-JVASP-8003_JVASP-1192_film_miller_1_1_0_sub_miller_1_1_0_film_thickness_16_subs_thickness_16_seperation_2.5_disp_-0.05_-0.2_vasp,2.828953,0.395900,0.835400,1.231300,0.097716,-22.042339,2.433053
Interface-JVASP-1002_JVASP-23_film_miller_1_1_0_sub_miller_1_1_0_film_thickness_16_subs_thickness_16_seperation_2.5_disp_0.5_-0.15_vasp,1.524955,0.323300,3.850800,4.174100,-0.557037,-276.264998,1.201655
Interface-JVASP-1327_JVASP-1192_film_miller_1_1_0_sub_miller_1_1_0_film_thickness_16_subs_thickness_16_seperation_2.5_disp_-0.3_-0.45_vasp,1.664625,0.134600,2.912800,3.047400,0.276537,-368.311679,1.530025
Interface-JVASP-1702_JVASP-1327_film_miller_1_1_0_sub_miller_1_1_0_film_thickness_16_subs_thickness_16_seperation_2.5_disp_-0.05_0.25_vasp,1.120476,0.065600,4.036800,4.102400,0.353795,-112.521109,1.054876
Interface-JVASP-39_JVASP-1408_film_miller_0_0_1_sub_miller_0_0_1_film_thickness_16_subs_thickness_16_seperation_2.5_disp_-0.2_-0.2_vasp,0.000597,-0.955500,8.349300,7.393800,-1.383867,-442.758027,0.000597
Interface-JVASP-30_JVASP-8158_film_miller_0_0_1_sub_miller_0_0_1_film_thickness_16_subs_thickness_16_seperation_2.5_disp_-0.4_0.5_vasp,0.010909,-0.630100,7.998200,7.368100,0.118133,-602.697484,0.010909
Interface-JVASP-890_JVASP-1372_film_miller_0_0_1_sub_miller_0_0_1_film_thickness_16_subs_thickness_16_seperation_2.5_disp_-0.25_0.25_vasp,0.001150,-0.342600,4.274000,3.931400,-0.834438,-96.765380,0.001150
Interface-JVASP-1192_JVASP-8183_film_miller_1_1_0_sub_miller_1_1_0_film_thickness_16_subs_thickness_16_seperation_2.5_disp_-0.3_-0.35_vasp,1.753958,0.102700,2.256100,2.358800,-0.385204,-207.271903,1.651258
Interface-JVASP-1408_JVASP-35748_film_miller_1_1_0_sub_miller_1_1_0_film_thickness_16_subs_thickness_16_seperation_2.5_disp_0.5_-0.35_vasp,1.494043,0.378600,4.443100,4.821700,nan,-183.711476,1.115443
Interface-JVASP-1702_JVASP-1312_film_miller_1_1_0_sub_miller_1_1_0_film_thickness_16_subs_thickness_16_seperation_2.5_disp_-0.15_-0.2_vasp,1.339102,0.333800,4.361200,4.695000,0.579439,-545.662889,1.005302
Interface-JVASP-1312_JVASP-8158_film_miller_1_1_0_sub_miller_1_1_0_film_thickness_16_subs_thickness_16_seperation_2.5_disp_0.0_-0.2_vasp,4.585814,0.704100,7.724600,8.428700,-0.380904,-367.334167,3.881714
Interface-JVASP-1312_JVASP-7630_film_miller_1_1_0_sub_miller_1_1_0_film_thickness_16_subs_thickness_16_seperation_2.5_disp_0.15_0.3_vasp,2.314650,0.874100,6.383300,7.257400,-0.491477,-311.128170,1.440550
Interface-JVASP-30_JVASP-1408_film_miller_0_0_1_sub_miller_0_0_1_film_thickness_16_subs_thickness_16_seperation_2.5_disp_-0.2_0.3_vasp,0.024345,-0.872700,7.199800,6.327100,-2.286375,-285.779656,0.024345
Interface-JVASP-1702_JVASP-1183_film_miller_1_1_0_sub_miller_1_1_0_film_thickness_16_subs_thickness_16_seperation_2.5_disp_0.5_-0.05_vasp,1.983835,0.316900,3.372600,3.689500,1.012102,-218.845308,1.666935
Interface-JVASP-1702_JVASP-8184_film_miller_1_1_0_sub_miller_1_1_0_film_thickness_16_subs_thickness_16_seperation_2.5_disp_-0.1_0.3_vasp,2.525253,1.083900,2.879200,3.963100,0.784182,-121.945863,1.441353
Interface-JVASP-1327_JVASP-107_film_miller_1_1_0_sub_miller_1_1_0_film_thickness_16_subs_thickness_16_seperation_2.5_disp_-0.4_0.05_vasp,1.423733,0.255400,6.760500,7.015900,0.560593,-1218.161178,1.168333
Interface-JVASP-1327_JVASP-79204_film_miller_1_1_0_sub_miller_1_1_0_film_thickness_16_subs_thickness_16_seperation_2.5_disp_0.35_0.35_vasp,2.491315,1.150200,4.856500,6.006700,6.045063,-1016.259465,1.341115
Interface-JVASP-1183_JVASP-105410_film_miller_1_1_0_sub_miller_1_1_0_film_thickness_16_subs_thickness_16_seperation_2.5_disp_-0.25_-0.05_vasp,1.027351,0.534100,4.915600,5.449700,1.050964,-106.126435,0.493251
Interface-JVASP-22685_JVASP-35711_film_miller_1_1_0_sub_miller_1_1_0_film_thickness_16_subs_thickness_16_seperation_2.5_disp_0.0_0.35_vasp,0.375137,0.035800,3.092300,3.128100,nan,-10.376181,0.339337
Interface-JVASP-22685_JVASP-37905_film_miller_1_1_0_sub_miller_1_1_0_film_thickness_16_subs_thickness_16_seperation_2.5_disp_-0.4_-0.35_vasp,1.109203,0.607400,3.781200,4.388600,nan,-167.294563,0.501803
Interface-JVASP-30_JVASP-8003_film_miller_0_0_1_sub_miller_0_0_1_film_thickness_16_subs_thickness_16_seperation_2.5_disp_-0.15_-0.1_vasp,0.399355,-1.213800,5.381400,4.167600,-1.383954,-176.487623,0.399355
Interface-JVASP-1702_JVASP-39_film_miller_1_1_0_sub_miller_1_1_0_film_thickness_16_subs_thickness_16_seperation_2.5_disp_0.2_0.5_vasp,2.715164,1.629600,4.028100,5.657700,-0.438260,-476.883730,1.085564
Interface-JVASP-1312_JVASP-7923_film_miller_1_1_0_sub_miller_1_1_0_film_thickness_16_subs_thickness_16_seperation_2.5_disp_0.25_-0.05_vasp,1.997884,-0.022300,4.527600,4.505300,-2.118840,-237.692574,1.997884
Interface-JVASP-1327_JVASP-36873_film_miller_1_1_0_sub_miller_1_1_0_film_thickness_16_subs_thickness_16_seperation_2.5_disp_0.35_-0.1_vasp,1.127125,0.492200,6.062300,6.554500,2.178729,-204.121745,0.634925
Interface-JVASP-8182_JVASP-8183_film_miller_1_1_0_sub_miller_1_1_0_film_thickness_16_subs_thickness_16_seperation_2.5_disp_-0.25_-0.15_vasp,3.294723,1.735700,4.019800,5.755500,nan,-127.448906,1.559023
Interface-JVASP-8183_JVASP-8047_film_miller_1_1_0_sub_miller_1_1_0_film_thickness_16_subs_thickness_16_seperation_2.5_disp_0.0_-0.3_vasp,2.496579,1.282600,2.281700,3.564300,nan,-60.339779,1.213979
Interface-JVASP-8185_JVASP-1073_film_miller_1_1_0_sub_miller_1_1_0_film_thickness_16_subs_thickness_16_seperation_2.5_disp_-0.25_0.2_vasp,1.036629,0.420300,4.082000,4.502300,nan,-74.598757,0.616329
Interface-JVASP-8185_JVASP-95_film_miller_1_1_0_sub_miller_1_1_0_film_thickness_16_subs_thickness_16_seperation_2.5_disp_0.0_0.15_vasp,1.273639,-0.031200,2.440500,2.409300,nan,-32.889310,1.273639
Interface-JVASP-8186_JVASP-35748_film_miller_1_1_0_sub_miller_1_1_0_film_thickness_16_subs_thickness_16_seperation_2.5_disp_0.0_-0.3_vasp,1.677384,1.047400,3.403200,4.450600,nan,-38.022916,0.629984
Interface-JVASP-8186_JVASP-7630_film_miller_1_1_0_sub_miller_1_1_0_film_thickness_16_subs_thickness_16_seperation_2.5_disp_-0.45_0.0_vasp,0.739367,0.373200,3.735100,4.108300,-0.294188,-414.690848,0.366167
Interface-JVASP-8186_JVASP-95_film_miller_1_1_0_sub_miller_1_1_0_film_thickness_16_subs_thickness_16_seperation_2.5_disp_0.0_0.2_vasp,2.640707,0.564700,2.191700,2.756400,nan,-10.975198,2.076007
Interface-JVASP-96_JVASP-8158_film_miller_1_1_0_sub_miller_1_1_0_film_thickness_16_subs_thickness_16_seperation_2.5_disp_0.35_-0.15_vasp,0.001967,0.539400,4.842300,5.381700,-0.131707,-607.067837,-0.537433
Interface-JVASP-39_JVASP-8003_film_miller_0_0_1_sub_miller_0_0_1_film_thickness_16_subs_thickness_16_seperation_2.5_disp_-0.2_-0.2_vasp,0.434499,-0.446400,5.790600,5.344200,2.300388,-392.158382,0.434499
Interface-JVASP-890_JVASP-96_film_miller_0_0_1_sub_miller_0_0_1_film_thickness_16_subs_thickness_16_seperation_2.5_disp_-0.25_0.25_vasp,0.002889,-0.184200,2.372400,2.188200,-0.513014,-31.312935,0.002889
Interface-JVASP-1192_JVASP-36204_film_miller_1_1_0_sub_miller_1_1_0_film_thickness_16_subs_thickness_16_seperation_2.5_disp_-0.2_0.25_vasp,1.811480,0.637700,3.269300,3.907000,nan,-420.627373,1.173780
Interface-JVASP-1408_JVASP-37905_film_miller_1_1_0_sub_miller_1_1_0_film_thickness_16_subs_thickness_16_seperation_2.5_disp_0.2_-0.45_vasp,0.729243,0.017200,4.874900,4.892100,0.766161,-364.430607,0.712043
Interface-JVASP-1312_JVASP-95_film_miller_1_1_0_sub_miller_1_1_0_film_thickness_16_subs_thickness_16_seperation_2.5_disp_0.0_-0.2_vasp,1.256123,0.532200,4.700500,5.232700,-1.121648,-518.943569,0.723923
Interface-JVASP-107_JVASP-1195_film_miller_1_1_0_sub_miller_1_1_0_film_thickness_16_subs_thickness_16_seperation_2.5_disp_0.4_-0.1_vasp,3.201267,0.660400,4.959100,5.619500,-2.003633,-388.989136,2.540867
Interface-JVASP-1183_JVASP-8169_film_miller_1_1_0_sub_miller_1_1_0_film_thickness_16_subs_thickness_16_seperation_2.5_disp_-0.45_-0.2_vasp,1.781354,0.266000,4.307600,4.573600,-2.129454,-271.554301,1.515354
Interface-JVASP-1186_JVASP-35748_film_miller_1_1_0_sub_miller_1_1_0_film_thickness_16_subs_thickness_16_seperation_2.5_disp_0.45_-0.4_vasp,0.120748,0.110200,4.091200,4.201400,nan,-136.276831,0.010548
Interface-JVASP-22685_JVASP-30_film_miller_1_1_0_sub_miller_1_1_0_film_thickness_16_subs_thickness_16_seperation_2.5_disp_-0.2_0.45_vasp,2.266404,0.535700,3.309100,3.844800,nan,-132.639415,1.730704
Interface-JVASP-1195_JVASP-36119_film_miller_1_1_0_sub_miller_1_1_0_film_thickness_16_subs_thickness_16_seperation_2.5_disp_-0.2_0.4_vasp,1.006018,0.052400,2.227500,2.279900,nan,-100.863297,0.953618
Interface-JVASP-1195_JVASP-7671_film_miller_1_1_0_sub_miller_1_1_0_film_thickness_16_subs_thickness_16_seperation_2.5_disp_-0.2_0.4_vasp,2.356666,0.271800,0.515300,0.787100,nan,-82.716340,2.084866
Interface-JVASP-30_JVASP-37905_film_miller_1_1_0_sub_miller_1_1_0_film_thickness_16_subs_thickness_16_seperation_2.5_disp_0.5_-0.45_vasp,1.594205,0.373000,6.256000,6.629000,nan,-162.878181,1.221205
Interface-JVASP-35748_JVASP-30_film_miller_1_1_0_sub_miller_1_1_0_film_thickness_16_subs_thickness_16_seperation_2.5_disp_-0.3_0.45_vasp,0.562301,0.099700,5.427300,5.527000,nan,-176.791875,0.462601
Interface-JVASP-35748_JVASP-39_film_miller_1_1_0_sub_miller_1_1_0_film_thickness_16_subs_thickness_16_seperation_2.5_disp_-0.1_-0.05_vasp,0.947603,0.634400,6.102700,6.737100,nan,-322.299485,0.313203
Interface-JVASP-36204_JVASP-30_film_miller_1_1_0_sub_miller_1_1_0_film_thickness_16_subs_thickness_16_seperation_2.5_disp_0.5_0.0_vasp,3.152043,1.109900,6.796000,7.905900,nan,-180.630019,2.042143
Interface-JVASP-36204_JVASP-37905_film_miller_1_1_0_sub_miller_1_1_0_film_thickness_16_subs_thickness_16_seperation_2.5_disp_0.5_-0.45_vasp,3.346369,1.133200,6.742700,7.875900,nan,-197.954981,2.213169
Interface-JVASP-37905_JVASP-1393_film_miller_1_1_0_sub_miller_1_1_0_film_thickness_16_subs_thickness_16_seperation_2.5_disp_0.05_0.4_vasp,0.650315,0.512500,4.084100,4.596600,0.164474,-352.531889,0.137815
Interface-JVASP-39_JVASP-30_film_miller_1_1_0_sub_miller_1_1_0_film_thickness_16_subs_thickness_16_seperation_2.5_disp_0.25_0.25_vasp,4.140867,2.471200,5.305300,7.776500,0.076110,-220.677632,1.669667
Interface-JVASP-7671_JVASP-35748_film_miller_1_1_0_sub_miller_1_1_0_film_thickness_16_subs_thickness_16_seperation_2.5_disp_0.0_0.2_vasp,1.618900,0.414300,2.738700,3.153000,nan,-43.519447,1.204600
Interface-JVASP-7844_JVASP-7671_film_miller_1_1_0_sub_miller_1_1_0_film_thickness_16_subs_thickness_16_seperation_2.5_disp_-0.3_-0.4_vasp,1.800727,0.651900,3.892000,4.543900,1.399343,-385.296031,1.148827
Interface-JVASP-8003_JVASP-95_film_miller_1_1_0_sub_miller_1_1_0_film_thickness_16_subs_thickness_16_seperation_2.5_disp_-0.4_0.45_vasp,3.105884,0.593700,1.028700,1.622400,nan,-43.975306,2.512184
Interface-JVASP-8182_JVASP-8158_film_miller_1_1_0_sub_miller_1_1_0_film_thickness_16_subs_thickness_16_seperation_2.5_disp_0.05_-0.25_vasp,1.525743,0.487500,7.079600,7.567100,-0.028770,-735.270277,1.038243
Interface-JVASP-8184_JVASP-7836_film_miller_1_1_0_sub_miller_1_1_0_film_thickness_16_subs_thickness_16_seperation_2.5_disp_-0.35_-0.45_vasp,1.887986,0.543600,6.527300,7.070900,-1.618058,-643.686481,1.344386
Interface-JVASP-85122_JVASP-35711_film_miller_1_1_0_sub_miller_1_1_0_film_thickness_16_subs_thickness_16_seperation_2.5_disp_0.0_-0.2_vasp,0.738285,-0.001800,4.717900,4.716100,nan,-44.758686,0.738285
Interface-JVASP-1408_JVASP-7923_film_miller_1_1_0_sub_miller_1_1_0_film_thickness_16_subs_thickness_16_seperation_2.5_disp_-0.2_-0.45_vasp,1.316351,0.129300,2.971400,3.100700,-2.420224,-190.829805,1.187051
Interface-JVASP-1408_JVASP-8186_film_miller_1_1_0_sub_miller_1_1_0_film_thickness_16_subs_thickness_16_seperation_2.5_disp_0.25_-0.1_vasp,1.507551,0.475300,3.549000,4.024300,nan,-105.420992,1.032251
Interface-JVASP-1189_JVASP-17700_film_miller_1_1_0_sub_miller_1_1_0_film_thickness_16_subs_thickness_16_seperation_2.5_disp_-0.05_-0.35_vasp,0.004768,0.110000,5.138700,5.248700,-0.638745,-207.489351,-0.105232
Interface-JVASP-1312_JVASP-1177_film_miller_1_1_0_sub_miller_1_1_0_film_thickness_16_subs_thickness_16_seperation_2.5_disp_0.15_-0.4_vasp,0.220311,0.097900,5.381800,5.479700,nan,-357.115829,0.122411
Interface-JVASP-1312_JVASP-1195_film_miller_1_1_0_sub_miller_1_1_0_film_thickness_16_subs_thickness_16_seperation_2.5_disp_-0.45_0.15_vasp,1.302443,0.016900,4.807700,4.824600,-1.084733,-414.905994,1.285543
Interface-JVASP-1312_JVASP-7844_film_miller_1_1_0_sub_miller_1_1_0_film_thickness_16_subs_thickness_16_seperation_2.5_disp_0.25_-0.45_vasp,1.553106,0.974100,7.421300,8.395400,-2.225432,-361.258391,0.579006
Interface-JVASP-107_JVASP-1183_film_miller_1_1_0_sub_miller_1_1_0_film_thickness_16_subs_thickness_16_seperation_2.5_disp_-0.4_-0.15_vasp,1.592294,-0.189500,6.257800,6.068300,0.921801,-659.174885,1.592294
Interface-JVASP-107_JVASP-7671_film_miller_1_1_0_sub_miller_1_1_0_film_thickness_16_subs_thickness_16_seperation_2.5_disp_-0.2_-0.35_vasp,1.523628,0.615900,5.017900,5.633800,nan,-585.344683,0.907728
Interface-JVASP-1183_JVASP-8158_film_miller_1_1_0_sub_miller_1_1_0_film_thickness_16_subs_thickness_16_seperation_2.5_disp_-0.05_-0.35_vasp,2.088788,0.450200,6.050200,6.500400,-1.590248,-435.881920,1.638588
Interface-JVASP-7671_JVASP-36204_film_miller_1_1_0_sub_miller_1_1_0_film_thickness_16_subs_thickness_16_seperation_2.5_disp_-0.15_0.45_vasp,1.628866,0.666800,4.068800,4.735600,nan,-208.678185,0.962066
Interface-JVASP-7671_JVASP-95_film_miller_1_1_0_sub_miller_1_1_0_film_thickness_16_subs_thickness_16_seperation_2.5_disp_0.0_-0.3_vasp,2.737890,0.623600,0.572800,1.196400,nan,-13.822302,2.114290
Interface-JVASP-7923_JVASP-30_film_miller_1_1_0_sub_miller_1_1_0_film_thickness_16_subs_thickness_16_seperation_2.5_disp_-0.05_-0.45_vasp,2.950870,0.525200,2.442800,2.968000,0.399096,-268.451143,2.425670
Interface-JVASP-7923_JVASP-7630_film_miller_1_1_0_sub_miller_1_1_0_film_thickness_16_subs_thickness_16_seperation_2.5_disp_-0.1_0.1_vasp,0.839695,-0.182100,4.272300,4.090200,1.559760,-213.385262,0.839695
Interface-JVASP-8003_JVASP-30_film_miller_1_1_0_sub_miller_1_1_0_film_thickness_16_subs_thickness_16_seperation_2.5_disp_0.4_-0.05_vasp,2.367074,0.242600,3.027300,3.269900,0.383083,-235.866042,2.124474
Interface-JVASP-8003_JVASP-7836_film_miller_1_1_0_sub_miller_1_1_0_film_thickness_16_subs_thickness_16_seperation_2.5_disp_-0.15_0.4_vasp,3.119314,0.891400,3.917700,4.809100,1.748896,-923.698206,2.227914
Interface-JVASP-8047_JVASP-36873_film_miller_1_1_0_sub_miller_1_1_0_film_thickness_16_subs_thickness_16_seperation_2.5_disp_0.0_0.35_vasp,0.970345,0.227700,4.531400,4.759100,1.578829,-237.031621,0.742645
Interface-JVASP-8158_JVASP-23_film_miller_1_1_0_sub_miller_1_1_0_film_thickness_16_subs_thickness_16_seperation_2.5_disp_0.05_-0.45_vasp,1.902291,0.723300,4.845200,5.568500,-0.352122,-382.577687,1.178991
Interface-JVASP-8158_JVASP-36204_film_miller_1_1_0_sub_miller_1_1_0_film_thickness_16_subs_thickness_16_seperation_2.5_disp_-0.25_0.4_vasp,3.379859,0.855000,7.860400,8.715400,0.599137,-594.296464,2.524859
Interface-JVASP-8158_JVASP-79204_film_miller_1_1_0_sub_miller_1_1_0_film_thickness_16_subs_thickness_16_seperation_2.5_disp_0.05_-0.3_vasp,0.689410,0.206500,8.550700,8.757200,-0.650017,-1026.145422,0.482910
Interface-JVASP-8169_JVASP-7630_film_miller_1_1_0_sub_miller_1_1_0_film_thickness_16_subs_thickness_16_seperation_2.5_disp_-0.05_-0.4_vasp,0.957615,0.017400,6.343100,6.360500,1.026759,-262.462129,0.940215
Interface-JVASP-8185_JVASP-8186_film_miller_1_1_0_sub_miller_1_1_0_film_thickness_16_subs_thickness_16_seperation_2.5_disp_0.0_-0.15_vasp,1.571469,0.387700,2.911900,3.299600,nan,-23.822844,1.183769
Interface-JVASP-85122_JVASP-39_film_miller_1_1_0_sub_miller_1_1_0_film_thickness_16_subs_thickness_16_seperation_2.5_disp_-0.05_0.45_vasp,1.809123,0.721600,5.194800,5.916400,-1.860519,-311.802377,1.087523
